<?xml version='1.0' encoding='UTF-8'?>
<kml xmlns="http://www.opengis.net/kml/2.2">
  <Document>
    <name>farm_v1</name>
    <Placemark>
      <name>P1</name>
      <Polygon>
        <outerBoundaryIs>
          <LinearRing>
            <coordinates>-4.5843705,33.8452043,0 -4.5844248,33.8453557,0 -4.5844415,33.8454727,0 -4.5843932,33.8455986,0 -4.5843932,33.8459283,0 -4.5843503,33.8462045,0 -4.5846507,33.8461688,0 -4.5846454,33.8464384,0 -4.5845971,33.8466589,0 -4.5845823,33.8470288,0 -4.584758,33.8471223,0 -4.5849511,33.8471668,0 -4.5851282,33.8472582,0 -4.5851563,33.8473189,0 -4.585332,33.8473996,0 -4.5855305,33.8473824,0 -4.58567,33.8472916,0 -4.5858028,33.8476369,0 -4.587518,33.8467715,0 -4.5877835,33.8444312,0 -4.5881148,33.8444078,0 -4.5881288,33.844385,0 -4.588218,33.8443755,0 -4.5882985,33.8443956,0 -4.588159,33.8430679,0 -4.5867428,33.8430278,0 -4.5866847,33.8436423,0 -4.5866517,33.8438108,0 -4.5865551,33.843969,0 -4.5864102,33.8441015,0 -4.5867428,33.8443065,0 -4.5866141,33.8447788,0 -4.586303,33.8450639,0 -4.5861528,33.8451798,0 -4.5862386,33.84526,0 -4.5858082,33.8455451,0 -4.585672,33.8453958,0 -4.5855413,33.8452499,0 -4.5852355,33.8454131,0 -4.5848292,33.8455796,0 -4.5847601,33.8454465,0 -4.5846011,33.8450873,0 -4.5843705,33.8452043,0</coordinates>
          </LinearRing>
        </outerBoundaryIs>
      </Polygon>
    </Placemark>
    <Placemark>
      <name>S1</name>
      <Polygon>
        <outerBoundaryIs>
          <LinearRing>
            <coordinates>-4.5858529,33.8462577,0 -4.585693,33.8456395,0 -4.5858082,33.8455451,0 -4.5855413,33.8452499,0 -4.5848292,33.8455796,0 -4.5844038,33.8457503,0 -4.5843503,33.8462045,0 -4.5846507,33.8461688,0 -4.5858529,33.8462577,0</coordinates>
          </LinearRing>
        </outerBoundaryIs>
      </Polygon>
    </Placemark>
    <Placemark>
      <name>S2</name>
      <Polygon>
        <outerBoundaryIs>
          <LinearRing>
            <coordinates>-4.586017,33.8468901,0 -4.5858529,33.8462577,0 -4.5846507,33.8461688,0 -4.5845823,33.8470288,0 -4.586017,33.8468901,0</coordinates>
          </LinearRing>
        </outerBoundaryIs>
      </Polygon>
    </Placemark>
    <Placemark>
      <name>S3</name>
      <Polygon>
        <outerBoundaryIs>
          <LinearRing>
            <coordinates>-4.587518,33.8467715,0 -4.5845823,33.8470288,0 -4.5851282,33.8472582,0 -4.5851563,33.8473189,0 -4.585332,33.8473996,0 -4.5855305,33.8473824,0 -4.58567,33.8472916,0 -4.5858028,33.8476369,0 -4.587518,33.8467715,0</coordinates>
          </LinearRing>
        </outerBoundaryIs>
      </Polygon>
    </Placemark>
    <Placemark>
      <name>S4</name>
      <Polygon>
        <outerBoundaryIs>
          <LinearRing>
            <coordinates>-4.587518,33.8467715,0 -4.5876081,33.8460082,0 -4.5858529,33.8462577,0 -4.586017,33.8468901,0 -4.587518,33.8467715,0</coordinates>
          </LinearRing>
        </outerBoundaryIs>
      </Polygon>
    </Placemark>
    <Placemark>
      <name>S5</name>
      <Polygon>
        <outerBoundaryIs>
          <LinearRing>
            <coordinates>-4.5858529,33.8462577,0 -4.5876081,33.8460082,0 -4.5862386,33.84526,0 -4.585693,33.8456395,0 -4.5858529,33.8462577,0</coordinates>
          </LinearRing>
        </outerBoundaryIs>
      </Polygon>
    </Placemark>
    <Placemark>
      <name>S6</name>
      <Polygon>
        <outerBoundaryIs>
          <LinearRing>
            <coordinates>-4.5876081,33.8460082,0 -4.5876923,33.8449525,0 -4.5866141,33.8447788,0 -4.5861528,33.8451798,0 -4.5876081,33.8460082,0</coordinates>
          </LinearRing>
        </outerBoundaryIs>
      </Polygon>
    </Placemark>
    <Placemark>
      <name>S7</name>
      <Polygon>
        <outerBoundaryIs>
          <LinearRing>
            <coordinates>-4.5876923,33.8449525,0 -4.5878211,33.8444412,0 -4.5882985,33.8443956,0 -4.5882298,33.8438232,0 -4.5866517,33.8438108,0 -4.5864102,33.8441015,0 -4.5867428,33.8443065,0 -4.5866141,33.8447788,0 -4.5876923,33.8449525,0</coordinates>
          </LinearRing>
        </outerBoundaryIs>
      </Polygon>
    </Placemark>
    <Placemark>
      <name>S8</name>
      <Polygon>
        <outerBoundaryIs>
          <LinearRing>
            <coordinates>-4.588159,33.8430679,0 -4.5867428,33.8430278,0 -4.5866517,33.8438108,0 -4.5882298,33.8438232,0 -4.588159,33.8430679,0</coordinates>
          </LinearRing>
        </outerBoundaryIs>
      </Polygon>
    </Placemark>
    <Placemark>
      <name>S1-Z1</name>
      <Polygon>
        <outerBoundaryIs>
          <LinearRing>
            <coordinates>-4.5855413,33.8452499,0 -4.5858082,33.8455451,0 -4.585693,33.8456395,0 -4.5858529,33.8462577,0 -4.585400978814524,33.84622428143954,0 -4.585400978814524,33.845314868255656,0 -4.5855413,33.8452499,0</coordinates>
          </LinearRing>
        </outerBoundaryIs>
      </Polygon>
    </Placemark>
    <Placemark>
      <name>S1-Z2</name>
      <Polygon>
        <outerBoundaryIs>
          <LinearRing>
            <coordinates>-4.585400978814524,33.845314868255656,0 -4.585400978814524,33.84622428143954,0 -4.584985256545304,33.84619353970793,0 -4.584985256545304,33.84550734632357,0 -4.585400978814524,33.845314868255656,0</coordinates>
          </LinearRing>
        </outerBoundaryIs>
      </Polygon>
    </Placemark>
    <Placemark>
      <name>S1-Z3</name>
      <Polygon>
        <outerBoundaryIs>
          <LinearRing>
            <coordinates>-4.5846507,33.8461688,0 -4.5843503,33.8462045,0 -4.5844038,33.8457503,0 -4.5848292,33.8455796,0 -4.584985256545304,33.84550734632357,0 -4.584985256545304,33.84619353970793,0 -4.5846507,33.8461688,0</coordinates>
          </LinearRing>
        </outerBoundaryIs>
      </Polygon>
    </Placemark>
    <Placemark>
      <name>S2-Z1</name>
      <Polygon>
        <outerBoundaryIs>
          <LinearRing>
            <coordinates>-4.5858529,33.8462577,0 -4.586017,33.8468901,0 -4.5854498391818845,33.84694493042132,0 -4.5854498391818845,33.846227894554374,0 -4.5858529,33.8462577,0</coordinates>
          </LinearRing>
        </outerBoundaryIs>
      </Polygon>
    </Placemark>
    <Placemark>
      <name>S2-Z2</name>
      <Polygon>
        <outerBoundaryIs>
          <LinearRing>
            <coordinates>-4.5854498391818845,33.846227894554374,0 -4.5854498391818845,33.84694493042132,0 -4.585014477814962,33.84698701909602,0 -4.585014477814962,33.84619570055544,0 -4.5854498391818845,33.846227894554374,0</coordinates>
          </LinearRing>
        </outerBoundaryIs>
      </Polygon>
    </Placemark>
    <Placemark>
      <name>S2-Z3</name>
      <Polygon>
        <outerBoundaryIs>
          <LinearRing>
            <coordinates>-4.5845823,33.8470288,0 -4.5846507,33.8461688,0 -4.585014477814962,33.84619570055544,0 -4.585014477814962,33.84698701909602,0 -4.5845823,33.8470288,0</coordinates>
          </LinearRing>
        </outerBoundaryIs>
      </Polygon>
    </Placemark>
    <Placemark>
      <name>S3-Z1</name>
      <Polygon>
        <outerBoundaryIs>
          <LinearRing>
            <coordinates>-4.587518,33.8467715,0 -4.586266656801251,33.847402862175954,0 -4.586266656801251,33.84688117421911,0 -4.587518,33.8467715,0</coordinates>
          </LinearRing>
        </outerBoundaryIs>
      </Polygon>
    </Placemark>
    <Placemark>
      <name>S3-Z2</name>
      <Polygon>
        <outerBoundaryIs>
          <LinearRing>
            <coordinates>-4.586266656801251,33.84688117421911,0 -4.586266656801251,33.847402862175954,0 -4.5858028,33.8476369,0 -4.585740074156632,33.84747380336058,0 -4.585740074156632,33.84692732665786,0 -4.586266656801251,33.84688117421911,0</coordinates>
          </LinearRing>
        </outerBoundaryIs>
      </Polygon>
    </Placemark>
    <Placemark>
      <name>S3-Z3</name>
      <Polygon>
        <outerBoundaryIs>
          <LinearRing>
            <coordinates>-4.58567,33.8472916,0 -4.5855305,33.8473824,0 -4.585332,33.8473996,0 -4.5851563,33.8473189,0 -4.5851282,33.8472582,0 -4.5845823,33.8470288,0 -4.585740074156632,33.84692732665786,0 -4.585740074156632,33.84747380336058,0 -4.58567,33.8472916,0</coordinates>
          </LinearRing>
        </outerBoundaryIs>
      </Polygon>
    </Placemark>
    <Placemark>
      <name>S4-Z1</name>
      <Polygon>
        <outerBoundaryIs>
          <LinearRing>
            <coordinates>-4.5876081,33.8460082,0 -4.587518,33.8467715,0 -4.587046022472552,33.84680879282796,0 -4.587046022472552,33.84608809878253,0 -4.5876081,33.8460082,0</coordinates>
          </LinearRing>
        </outerBoundaryIs>
      </Polygon>
    </Placemark>
    <Placemark>
      <name>S4-Z2</name>
      <Polygon>
        <outerBoundaryIs>
          <LinearRing>
            <coordinates>-4.587046022472552,33.84608809878253,0 -4.587046022472552,33.84680879282796,0 -4.5865045317653514,33.84685157816964,0 -4.5865045317653514,33.84616507116827,0 -4.587046022472552,33.84608809878253,0</coordinates>
          </LinearRing>
        </outerBoundaryIs>
      </Polygon>
    </Placemark>
    <Placemark>
      <name>S4-Z3</name>
      <Polygon>
        <outerBoundaryIs>
          <LinearRing>
            <coordinates>-4.586017,33.8468901,0 -4.5858529,33.8462577,0 -4.5865045317653514,33.84616507116827,0 -4.5865045317653514,33.84685157816964,0 -4.586017,33.8468901,0</coordinates>
          </LinearRing>
        </outerBoundaryIs>
      </Polygon>
    </Placemark>
    <Placemark>
      <name>S5-Z1</name>
      <Polygon>
        <outerBoundaryIs>
          <LinearRing>
            <coordinates>-4.5876081,33.8460082,0 -4.58661113947006,33.846149916985084,0 -4.58661113947006,33.845463529778385,0 -4.5876081,33.8460082,0</coordinates>
          </LinearRing>
        </outerBoundaryIs>
      </Polygon>
    </Placemark>
    <Placemark>
      <name>S5-Z2</name>
      <Polygon>
        <outerBoundaryIs>
          <LinearRing>
            <coordinates>-4.586197082700254,33.846208774758594,0 -4.586197082700254,33.84528887796051,0 -4.5862386,33.84526,0 -4.58661113947006,33.845463529778385,0 -4.58661113947006,33.846149916985084,0 -4.586197082700254,33.846208774758594,0</coordinates>
          </LinearRing>
        </outerBoundaryIs>
      </Polygon>
    </Placemark>
    <Placemark>
      <name>S5-Z3</name>
      <Polygon>
        <outerBoundaryIs>
          <LinearRing>
            <coordinates>-4.5858529,33.8462577,0 -4.585693,33.8456395,0 -4.586197082700254,33.84528887796051,0 -4.586197082700254,33.846208774758594,0 -4.5858529,33.8462577,0</coordinates>
          </LinearRing>
        </outerBoundaryIs>
      </Polygon>
    </Placemark>
    <Placemark>
      <name>S6-Z1</name>
      <Polygon>
        <outerBoundaryIs>
          <LinearRing>
            <coordinates>-4.5876923,33.8449525,0 -4.5876081,33.8460082,0 -4.587302103974921,33.845834017970745,0 -4.587302103974921,33.844889638703805,0 -4.5876923,33.8449525,0</coordinates>
          </LinearRing>
        </outerBoundaryIs>
      </Polygon>
    </Placemark>
    <Placemark>
      <name>S6-Z2</name>
      <Polygon>
        <outerBoundaryIs>
          <LinearRing>
            <coordinates>-4.587302103974921,33.844889638703805,0 -4.587302103974921,33.845834017970745,0 -4.586891837264671,33.84560048196939,0 -4.586891837264671,33.844823543983374,0 -4.587302103974921,33.844889638703805,0</coordinates>
          </LinearRing>
        </outerBoundaryIs>
      </Polygon>
    </Placemark>
    <Placemark>
      <name>S6-Z3</name>
      <Polygon>
        <outerBoundaryIs>
          <LinearRing>
            <coordinates>-4.5861528,33.8451798,0 -4.5866141,33.8447788,0 -4.586891837264671,33.844823543983374,0 -4.586891837264671,33.84560048196939,0 -4.5861528,33.8451798,0</coordinates>
          </LinearRing>
        </outerBoundaryIs>
      </Polygon>
    </Placemark>
    <Placemark>
      <name>S7-Z1</name>
      <Polygon>
        <outerBoundaryIs>
          <LinearRing>
            <coordinates>-4.5882298,33.8438232,0 -4.5882985,33.8443956,0 -4.5878211,33.8444412,0 -4.5876923,33.8449525,0 -4.58758021151013,33.84493444233844,0 -4.58758021151013,33.843818095825824,0 -4.5882298,33.8438232,0</coordinates>
          </LinearRing>
        </outerBoundaryIs>
      </Polygon>
    </Placemark>
    <Placemark>
      <name>S7-Z2</name>
      <Polygon>
        <outerBoundaryIs>
          <LinearRing>
            <coordinates>-4.58758021151013,33.843818095825824,0 -4.58758021151013,33.84493444233844,0 -4.587113578471585,33.84485926689901,0 -4.587113578471585,33.843814429233284,0 -4.58758021151013,33.843818095825824,0</coordinates>
          </LinearRing>
        </outerBoundaryIs>
      </Polygon>
    </Placemark>
    <Placemark>
      <name>S7-Z3</name>
      <Polygon>
        <outerBoundaryIs>
          <LinearRing>
            <coordinates>-4.5866141,33.8447788,0 -4.5867428,33.8443065,0 -4.5864102,33.8441015,0 -4.5866517,33.8438108,0 -4.587113578471585,33.843814429233284,0 -4.587113578471585,33.84485926689901,0 -4.5866141,33.8447788,0</coordinates>
          </LinearRing>
        </outerBoundaryIs>
      </Polygon>
    </Placemark>
    <Placemark>
      <name>S8-Z1</name>
      <Polygon>
        <outerBoundaryIs>
          <LinearRing>
            <coordinates>-4.588159,33.8430679,0 -4.5882298,33.8438232,0 -4.587688704180819,33.84381894831243,0 -4.587688704180819,33.84305458347525,0 -4.588159,33.8430679,0</coordinates>
          </LinearRing>
        </outerBoundaryIs>
      </Polygon>
    </Placemark>
    <Placemark>
      <name>S8-Z2</name>
      <Polygon>
        <outerBoundaryIs>
          <LinearRing>
            <coordinates>-4.587688704180819,33.84305458347525,0 -4.587688704180819,33.84381894831243,0 -4.587189745393974,33.843815027718705,0 -4.587189745393974,33.843040455352565,0 -4.587688704180819,33.84305458347525,0</coordinates>
          </LinearRing>
        </outerBoundaryIs>
      </Polygon>
    </Placemark>
    <Placemark>
      <name>S8-Z3</name>
      <Polygon>
        <outerBoundaryIs>
          <LinearRing>
            <coordinates>-4.5866517,33.8438108,0 -4.5867428,33.8430278,0 -4.587189745393974,33.843040455352565,0 -4.587189745393974,33.843815027718705,0 -4.5866517,33.8438108,0</coordinates>
          </LinearRing>
        </outerBoundaryIs>
      </Polygon>
    </Placemark>
    <Placemark>
      <name>MV1</name>
      <Point>
        <coordinates>-4.585220255555555,33.84585034444444,0</coordinates>
      </Point>
    </Placemark>
    <Placemark>
      <name>MV2</name>
      <Point>
        <coordinates>-4.58713508,33.8453855,0</coordinates>
      </Point>
    </Placemark>
    <Placemark>
      <name>MV3</name>
      <Point>
        <coordinates>-4.58758846,33.84335952,0</coordinates>
      </Point>
    </Placemark>
    <Placemark>
      <name>S1-ZV1</name>
      <Point>
        <coordinates>-4.585605522518435,33.84564017852789,0</coordinates>
      </Point>
    </Placemark>
    <Placemark>
      <name>S1-ZV2</name>
      <Point>
        <coordinates>-4.5852346899068355,33.84571098079647,0</coordinates>
      </Point>
    </Placemark>
    <Placemark>
      <name>S1-ZV3</name>
      <Point>
        <coordinates>-4.584693601870087,33.84593898371879,0</coordinates>
      </Point>
    </Placemark>
    <Placemark>
      <name>S2-ZV1</name>
      <Point>
        <coordinates>-4.585724495672754,33.84651566499514,0</coordinates>
      </Point>
    </Placemark>
    <Placemark>
      <name>S2-ZV2</name>
      <Point>
        <coordinates>-4.585275694635116,33.846516687836306,0</coordinates>
      </Point>
    </Placemark>
    <Placemark>
      <name>S2-ZV3</name>
      <Point>
        <coordinates>-4.584768851125984,33.8466818239303,0</coordinates>
      </Point>
    </Placemark>
    <Placemark>
      <name>S3-ZV1</name>
      <Point>
        <coordinates>-4.5868923284006256,33.84695675909877,0</coordinates>
      </Point>
    </Placemark>
    <Placemark>
      <name>S3-ZV2</name>
      <Point>
        <coordinates>-4.58601381978617,33.84720054010543,0</coordinates>
      </Point>
    </Placemark>
    <Placemark>
      <name>S3-ZV3</name>
      <Point>
        <coordinates>-4.5853943831459185,33.84726358111316,0</coordinates>
      </Point>
    </Placemark>
    <Placemark>
      <name>S4-ZV1</name>
      <Point>
        <coordinates>-4.587365248989021,33.8463369583221,0</coordinates>
      </Point>
    </Placemark>
    <Placemark>
      <name>S4-ZV2</name>
      <Point>
        <coordinates>-4.586829426189672,33.846400327946185,0</coordinates>
      </Point>
    </Placemark>
    <Placemark>
      <name>S4-ZV3</name>
      <Point>
        <coordinates>-4.58617919270614,33.84661090986758,0</coordinates>
      </Point>
    </Placemark>
    <Placemark>
      <name>S5-ZV1</name>
      <Point>
        <coordinates>-4.587109619735029,33.84590746169087,0</coordinates>
      </Point>
    </Placemark>
    <Placemark>
      <name>S5-ZV2</name>
      <Point>
        <coordinates>-4.58634202117348,33.84576331237353,0</coordinates>
      </Point>
    </Placemark>
    <Placemark>
      <name>S5-ZV3</name>
      <Point>
        <coordinates>-4.585958593080102,33.84593051054382,0</coordinates>
      </Point>
    </Placemark>
    <Placemark>
      <name>S6-ZV1</name>
      <Point>
        <coordinates>-4.587519381589969,33.8453273713349,0</coordinates>
      </Point>
    </Placemark>
    <Placemark>
      <name>S6-ZV2</name>
      <Point>
        <coordinates>-4.587137997290822,33.845207464266224,0</coordinates>
      </Point>
    </Placemark>
    <Placemark>
      <name>S6-ZV3</name>
      <Point>
        <coordinates>-4.586540674905868,33.845112485190555,0</coordinates>
      </Point>
    </Placemark>
    <Placemark>
      <name>S7-ZV1</name>
      <Point>
        <coordinates>-4.587918846145752,33.84431260545204,0</coordinates>
      </Point>
    </Placemark>
    <Placemark>
      <name>S7-ZV2</name>
      <Point>
        <coordinates>-4.587393558294712,33.84424886602447,0</coordinates>
      </Point>
    </Placemark>
    <Placemark>
      <name>S7-ZV3</name>
      <Point>
        <coordinates>-4.586751436706167,33.844350013733184,0</coordinates>
      </Point>
    </Placemark>
    <Placemark>
      <name>S8-ZV1</name>
      <Point>
        <coordinates>-4.587985041672328,33.84336650635754,0</coordinates>
      </Point>
    </Placemark>
    <Placemark>
      <name>S8-ZV2</name>
      <Point>
        <coordinates>-4.587489120666081,33.843356719666836,0</coordinates>
      </Point>
    </Placemark>
    <Placemark>
      <name>S8-ZV3</name>
      <Point>
        <coordinates>-4.586885138157589,33.84350097661426,0</coordinates>
      </Point>
    </Placemark>
    <Placemark>
      <name>MAIN-BASIN-MV1</name>
      <LineString>
        <tessellate>1</tessellate>
        <altitudeMode>clampToGround</altitudeMode>
        <coordinates>-4.585719154054054,33.845479845945945,0 -4.585220255555555,33.84585034444444,0</coordinates>
      </LineString>
    </Placemark>
    <Placemark>
      <name>MAIN-BASIN-MV2</name>
      <LineString>
        <tessellate>1</tessellate>
        <altitudeMode>clampToGround</altitudeMode>
        <coordinates>-4.585719154054054,33.845479845945945,0 -4.585694753339891,33.845495200722034,0 -4.585628704133101,33.84542279876481,0 -4.585798565727619,33.84560899800168,0 -4.5863169990294805,33.84526558412073,0 -4.586228443616607,33.84518280854832,0 -4.586341554833632,33.84509552765582,0 -4.586663766201824,33.84480024491371,0 -4.587616582395742,33.84542318036451,0 -4.58713508,33.8453855,0</coordinates>
      </LineString>
    </Placemark>
    <Placemark>
      <name>MAIN-BASIN-MV3</name>
      <LineString>
        <tessellate>1</tessellate>
        <altitudeMode>clampToGround</altitudeMode>
        <coordinates>-4.585719154054054,33.845479845945945,0 -4.585694753339891,33.845495200722034,0 -4.585628704133101,33.84542279876481,0 -4.585798565727619,33.84560899800168,0 -4.5863169990294805,33.84526558412073,0 -4.586228443616607,33.84518280854832,0 -4.586341554833632,33.84509552765582,0 -4.586663766201824,33.84480024491371,0 -4.586803391760593,33.84428785057489,0 -4.586490469905055,33.844094979316964,0 -4.586600084651244,33.84399474499074,0 -4.58670378857538,33.84382491102802,0 -4.586738498717636,33.84364767893802,0 -4.586792719703192,33.84307420569147,0 -4.5881092328542845,33.84311148303744,0 -4.58759923428624,33.84309704232103,0 -4.58758846,33.84335952,0</coordinates>
      </LineString>
    </Placemark>
    <Placemark>
      <name>S1-Z1-R01</name>
      <LineString>
        <tessellate>1</tessellate>
        <altitudeMode>clampToGround</altitudeMode>
        <coordinates>-4.585831243717575,33.84617397320954,0 -4.585831243717575,33.84625609856637,0</coordinates>
      </LineString>
    </Placemark>
    <Placemark>
      <name>S1-Z1-R02</name>
      <LineString>
        <tessellate>1</tessellate>
        <altitudeMode>clampToGround</altitudeMode>
        <coordinates>-4.585787931152725,33.84552268200182,0 -4.585787931152725,33.84556170919429,0</coordinates>
      </LineString>
    </Placemark>
    <Placemark>
      <name>S1-Z1-R03</name>
      <LineString>
        <tessellate>1</tessellate>
        <altitudeMode>clampToGround</altitudeMode>
        <coordinates>-4.585787931152725,33.84600651962861,0 -4.585787931152725,33.846252895699116,0</coordinates>
      </LineString>
    </Placemark>
    <Placemark>
      <name>S1-Z1-R04</name>
      <LineString>
        <tessellate>1</tessellate>
        <altitudeMode>clampToGround</altitudeMode>
        <coordinates>-4.585744618587875,33.845474776909484,0 -4.585744618587875,33.845597201434934,0</coordinates>
      </LineString>
    </Placemark>
    <Placemark>
      <name>S1-Z1-R05</name>
      <LineString>
        <tessellate>1</tessellate>
        <altitudeMode>clampToGround</altitudeMode>
        <coordinates>-4.585744618587875,33.84583906604768,0 -4.585744618587875,33.84624969283186,0</coordinates>
      </LineString>
    </Placemark>
    <Placemark>
      <name>S1-Z1-R06</name>
      <LineString>
        <tessellate>1</tessellate>
        <altitudeMode>clampToGround</altitudeMode>
        <coordinates>-4.585701306023026,33.84542687181715,0 -4.585701306023026,33.845632693675576,0</coordinates>
      </LineString>
    </Placemark>
    <Placemark>
      <name>S1-Z1-R07</name>
      <LineString>
        <tessellate>1</tessellate>
        <altitudeMode>clampToGround</altitudeMode>
        <coordinates>-4.585701306023026,33.84567161246675,0 -4.585701306023026,33.84624648996461,0</coordinates>
      </LineString>
    </Placemark>
    <Placemark>
      <name>S1-Z1-R08</name>
      <LineString>
        <tessellate>1</tessellate>
        <altitudeMode>clampToGround</altitudeMode>
        <coordinates>-4.5856579934581765,33.845378966724816,0 -4.5856579934581765,33.84624328709735,0</coordinates>
      </LineString>
    </Placemark>
    <Placemark>
      <name>S1-Z1-R09</name>
      <LineString>
        <tessellate>1</tessellate>
        <altitudeMode>clampToGround</altitudeMode>
        <coordinates>-4.585614680893326,33.845331061632486,0 -4.585614680893326,33.8462400842301,0</coordinates>
      </LineString>
    </Placemark>
    <Placemark>
      <name>S1-Z1-R10</name>
      <LineString>
        <tessellate>1</tessellate>
        <altitudeMode>clampToGround</altitudeMode>
        <coordinates>-4.585571368328477,33.84528315654015,0 -4.585571368328477,33.84623688136284,0</coordinates>
      </LineString>
    </Placemark>
    <Placemark>
      <name>S1-Z1-R11</name>
      <LineString>
        <tessellate>1</tessellate>
        <altitudeMode>clampToGround</altitudeMode>
        <coordinates>-4.585528055763627,33.84525603203866,0 -4.585528055763627,33.84623367849558,0</coordinates>
      </LineString>
    </Placemark>
    <Placemark>
      <name>S1-Z1-R12</name>
      <LineString>
        <tessellate>1</tessellate>
        <altitudeMode>clampToGround</altitudeMode>
        <coordinates>-4.585484743198777,33.84527608561629,0 -4.585484743198777,33.846230475628325,0</coordinates>
      </LineString>
    </Placemark>
    <Placemark>
      <name>S1-Z1-R13</name>
      <LineString>
        <tessellate>1</tessellate>
        <altitudeMode>clampToGround</altitudeMode>
        <coordinates>-4.585441430633927,33.84529613919393,0 -4.585441430633927,33.84622727276107,0</coordinates>
      </LineString>
    </Placemark>
    <Placemark>
      <name>S1-Z2-R01</name>
      <LineString>
        <tessellate>1</tessellate>
        <altitudeMode>clampToGround</altitudeMode>
        <coordinates>-4.585379322514153,33.845324895052784,0 -4.585379322514153,33.84622268000459,0</coordinates>
      </LineString>
    </Placemark>
    <Placemark>
      <name>S1-Z2-R02</name>
      <LineString>
        <tessellate>1</tessellate>
        <altitudeMode>clampToGround</altitudeMode>
        <coordinates>-4.58533600991341,33.84534494864703,0 -4.58533600991341,33.846219477134674,0</coordinates>
      </LineString>
    </Placemark>
    <Placemark>
      <name>S1-Z2-R03</name>
      <LineString>
        <tessellate>1</tessellate>
        <altitudeMode>clampToGround</altitudeMode>
        <coordinates>-4.585292697312669,33.84536500224128,0 -4.585292697312669,33.84621627426476,0</coordinates>
      </LineString>
    </Placemark>
    <Placemark>
      <name>S1-Z2-R04</name>
      <LineString>
        <tessellate>1</tessellate>
        <altitudeMode>clampToGround</altitudeMode>
        <coordinates>-4.5852493847119264,33.84538505583553,0 -4.5852493847119264,33.84621307139485,0</coordinates>
      </LineString>
    </Placemark>
    <Placemark>
      <name>S1-Z2-R05</name>
      <LineString>
        <tessellate>1</tessellate>
        <altitudeMode>clampToGround</altitudeMode>
        <coordinates>-4.585206072111185,33.84540510942978,0 -4.585206072111185,33.846209868524944,0</coordinates>
      </LineString>
    </Placemark>
    <Placemark>
      <name>S1-Z2-R06</name>
      <LineString>
        <tessellate>1</tessellate>
        <altitudeMode>clampToGround</altitudeMode>
        <coordinates>-4.5851627595104425,33.845425163024025,0 -4.5851627595104425,33.84620666565503,0</coordinates>
      </LineString>
    </Placemark>
    <Placemark>
      <name>S1-Z2-R07</name>
      <LineString>
        <tessellate>1</tessellate>
        <altitudeMode>clampToGround</altitudeMode>
        <coordinates>-4.585119446909701,33.84544521661827,0 -4.585119446909701,33.84620346278512,0</coordinates>
      </LineString>
    </Placemark>
    <Placemark>
      <name>S1-Z2-R08</name>
      <LineString>
        <tessellate>1</tessellate>
        <altitudeMode>clampToGround</altitudeMode>
        <coordinates>-4.585076134308959,33.84546527021252,0 -4.585076134308959,33.846200259915214,0</coordinates>
      </LineString>
    </Placemark>
    <Placemark>
      <name>S1-Z2-R09</name>
      <LineString>
        <tessellate>1</tessellate>
        <altitudeMode>clampToGround</altitudeMode>
        <coordinates>-4.585032821708217,33.84548532380677,0 -4.585032821708217,33.8461970570453,0</coordinates>
      </LineString>
    </Placemark>
    <Placemark>
      <name>S1-Z2-R10</name>
      <LineString>
        <tessellate>1</tessellate>
        <altitudeMode>clampToGround</altitudeMode>
        <coordinates>-4.5849895091074755,33.845505377401025,0 -4.5849895091074755,33.84619385417539,0</coordinates>
      </LineString>
    </Placemark>
    <Placemark>
      <name>S1-Z3-R01</name>
      <LineString>
        <tessellate>1</tessellate>
        <altitudeMode>clampToGround</altitudeMode>
        <coordinates>-4.584963600187141,33.84551737314745,0 -4.584963600187141,33.8461919382687,0</coordinates>
      </LineString>
    </Placemark>
    <Placemark>
      <name>S1-Z3-R02</name>
      <LineString>
        <tessellate>1</tessellate>
        <altitudeMode>clampToGround</altitudeMode>
        <coordinates>-4.5849202874708155,33.84553742679522,0 -4.5849202874708155,33.84618873539025,0</coordinates>
      </LineString>
    </Placemark>
    <Placemark>
      <name>S1-Z3-R03</name>
      <LineString>
        <tessellate>1</tessellate>
        <altitudeMode>clampToGround</altitudeMode>
        <coordinates>-4.58487697475449,33.84555748044298,0 -4.58487697475449,33.84618553251179,0</coordinates>
      </LineString>
    </Placemark>
    <Placemark>
      <name>S1-Z3-R04</name>
      <LineString>
        <tessellate>1</tessellate>
        <altitudeMode>clampToGround</altitudeMode>
        <coordinates>-4.5848336620381644,33.845577534090744,0 -4.5848336620381644,33.846182329633336,0</coordinates>
      </LineString>
    </Placemark>
    <Placemark>
      <name>S1-Z3-R05</name>
      <LineString>
        <tessellate>1</tessellate>
        <altitudeMode>clampToGround</altitudeMode>
        <coordinates>-4.584790349321839,33.84559518958806,0 -4.584790349321839,33.846179126754876,0</coordinates>
      </LineString>
    </Placemark>
    <Placemark>
      <name>S1-Z3-R06</name>
      <LineString>
        <tessellate>1</tessellate>
        <altitudeMode>clampToGround</altitudeMode>
        <coordinates>-4.5847470366055125,33.84561256965547,0 -4.5847470366055125,33.846175923876416,0</coordinates>
      </LineString>
    </Placemark>
    <Placemark>
      <name>S1-Z3-R07</name>
      <LineString>
        <tessellate>1</tessellate>
        <altitudeMode>clampToGround</altitudeMode>
        <coordinates>-4.584703723889187,33.845629949722884,0 -4.584703723889187,33.84617272099796,0</coordinates>
      </LineString>
    </Placemark>
    <Placemark>
      <name>S1-Z3-R08</name>
      <LineString>
        <tessellate>1</tessellate>
        <altitudeMode>clampToGround</altitudeMode>
        <coordinates>-4.5846604111728615,33.845647329790296,0 -4.5846604111728615,33.8461695181195,0</coordinates>
      </LineString>
    </Placemark>
    <Placemark>
      <name>S1-Z3-R09</name>
      <LineString>
        <tessellate>1</tessellate>
        <altitudeMode>clampToGround</altitudeMode>
        <coordinates>-4.584617098456536,33.84566470985771,0 -4.584617098456536,33.84617279325933,0</coordinates>
      </LineString>
    </Placemark>
    <Placemark>
      <name>S1-Z3-R10</name>
      <LineString>
        <tessellate>1</tessellate>
        <altitudeMode>clampToGround</altitudeMode>
        <coordinates>-4.5845737857402105,33.84568208992512,0 -4.5845737857402105,33.84617794060944,0</coordinates>
      </LineString>
    </Placemark>
    <Placemark>
      <name>S1-Z3-R11</name>
      <LineString>
        <tessellate>1</tessellate>
        <altitudeMode>clampToGround</altitudeMode>
        <coordinates>-4.584530473023885,33.84569946999253,0 -4.584530473023885,33.846183087959545,0</coordinates>
      </LineString>
    </Placemark>
    <Placemark>
      <name>S1-Z3-R12</name>
      <LineString>
        <tessellate>1</tessellate>
        <altitudeMode>clampToGround</altitudeMode>
        <coordinates>-4.584487160307559,33.845716850059944,0 -4.584487160307559,33.846188235309654,0</coordinates>
      </LineString>
    </Placemark>
    <Placemark>
      <name>S1-Z3-R13</name>
      <LineString>
        <tessellate>1</tessellate>
        <altitudeMode>clampToGround</altitudeMode>
        <coordinates>-4.584443847591234,33.845734230127356,0 -4.584443847591234,33.84619338265976,0</coordinates>
      </LineString>
    </Placemark>
    <Placemark>
      <name>S1-Z3-R14</name>
      <LineString>
        <tessellate>1</tessellate>
        <altitudeMode>clampToGround</altitudeMode>
        <coordinates>-4.584400534874908,33.84577801999657,0 -4.584400534874908,33.84619853000987,0</coordinates>
      </LineString>
    </Placemark>
    <Placemark>
      <name>S1-Z3-R15</name>
      <LineString>
        <tessellate>1</tessellate>
        <altitudeMode>clampToGround</altitudeMode>
        <coordinates>-4.584357222158582,33.84614573281442,0 -4.584357222158582,33.84620367735998,0</coordinates>
      </LineString>
    </Placemark>
    <Placemark>
      <name>S2-Z1-R01</name>
      <LineString>
        <tessellate>1</tessellate>
        <altitudeMode>clampToGround</altitudeMode>
        <coordinates>-4.585995343495663,33.846806641295906,0 -4.585995343495663,33.84689219364826,0</coordinates>
      </LineString>
    </Placemark>
    <Placemark>
      <name>S2-Z1-R02</name>
      <LineString>
        <tessellate>1</tessellate>
        <altitudeMode>clampToGround</altitudeMode>
        <coordinates>-4.585952030486989,33.846639723887705,0 -4.585952030486989,33.84689638094477,0</coordinates>
      </LineString>
    </Placemark>
    <Placemark>
      <name>S2-Z1-R03</name>
      <LineString>
        <tessellate>1</tessellate>
        <altitudeMode>clampToGround</altitudeMode>
        <coordinates>-4.585908717478315,33.846472806479504,0 -4.585908717478315,33.846900568241274,0</coordinates>
      </LineString>
    </Placemark>
    <Placemark>
      <name>S2-Z1-R04</name>
      <LineString>
        <tessellate>1</tessellate>
        <altitudeMode>clampToGround</altitudeMode>
        <coordinates>-4.585865404469641,33.84630588907131,0 -4.585865404469641,33.846904755537786,0</coordinates>
      </LineString>
    </Placemark>
    <Placemark>
      <name>S2-Z1-R05</name>
      <LineString>
        <tessellate>1</tessellate>
        <altitudeMode>clampToGround</altitudeMode>
        <coordinates>-4.585822091460967,33.84625542177748,0 -4.585822091460967,33.8469089428343,0</coordinates>
      </LineString>
    </Placemark>
    <Placemark>
      <name>S2-Z1-R06</name>
      <LineString>
        <tessellate>1</tessellate>
        <altitudeMode>clampToGround</altitudeMode>
        <coordinates>-4.585778778452293,33.8462522188774,0 -4.585778778452293,33.84691313013081,0</coordinates>
      </LineString>
    </Placemark>
    <Placemark>
      <name>S2-Z1-R07</name>
      <LineString>
        <tessellate>1</tessellate>
        <altitudeMode>clampToGround</altitudeMode>
        <coordinates>-4.585735465443619,33.84624901597733,0 -4.585735465443619,33.84691731742732,0</coordinates>
      </LineString>
    </Placemark>
    <Placemark>
      <name>S2-Z1-R08</name>
      <LineString>
        <tessellate>1</tessellate>
        <altitudeMode>clampToGround</altitudeMode>
        <coordinates>-4.585692152434945,33.846245813077246,0 -4.585692152434945,33.846921504723824,0</coordinates>
      </LineString>
    </Placemark>
    <Placemark>
      <name>S2-Z1-R09</name>
      <LineString>
        <tessellate>1</tessellate>
        <altitudeMode>clampToGround</altitudeMode>
        <coordinates>-4.5856488394262716,33.84624261017717,0 -4.5856488394262716,33.846925692020335,0</coordinates>
      </LineString>
    </Placemark>
    <Placemark>
      <name>S2-Z1-R10</name>
      <LineString>
        <tessellate>1</tessellate>
        <altitudeMode>clampToGround</altitudeMode>
        <coordinates>-4.585605526417598,33.846239407277096,0 -4.585605526417598,33.846929879316846,0</coordinates>
      </LineString>
    </Placemark>
    <Placemark>
      <name>S2-Z1-R11</name>
      <LineString>
        <tessellate>1</tessellate>
        <altitudeMode>clampToGround</altitudeMode>
        <coordinates>-4.585562213408924,33.84623620437702,0 -4.585562213408924,33.84693406661336,0</coordinates>
      </LineString>
    </Placemark>
    <Placemark>
      <name>S2-Z1-R12</name>
      <LineString>
        <tessellate>1</tessellate>
        <altitudeMode>clampToGround</altitudeMode>
        <coordinates>-4.58551890040025,33.846233001476946,0 -4.58551890040025,33.84693825390987,0</coordinates>
      </LineString>
    </Placemark>
    <Placemark>
      <name>S2-Z1-R13</name>
      <LineString>
        <tessellate>1</tessellate>
        <altitudeMode>clampToGround</altitudeMode>
        <coordinates>-4.585475587391576,33.84622979857687,0 -4.585475587391576,33.84694244120637,0</coordinates>
      </LineString>
    </Placemark>
    <Placemark>
      <name>S2-Z2-R01</name>
      <LineString>
        <tessellate>1</tessellate>
        <altitudeMode>clampToGround</altitudeMode>
        <coordinates>-4.585428182677289,33.846226293104316,0 -4.585428182677289,33.8469470240696,0</coordinates>
      </LineString>
    </Placemark>
    <Placemark>
      <name>S2-Z2-R02</name>
      <LineString>
        <tessellate>1</tessellate>
        <altitudeMode>clampToGround</altitudeMode>
        <coordinates>-4.585384869668096,33.846223090204205,0 -4.585384869668096,33.84695121136616,0</coordinates>
      </LineString>
    </Placemark>
    <Placemark>
      <name>S2-Z2-R03</name>
      <LineString>
        <tessellate>1</tessellate>
        <altitudeMode>clampToGround</altitudeMode>
        <coordinates>-4.5853415566589035,33.84621988730409,0 -4.5853415566589035,33.84695539866272,0</coordinates>
      </LineString>
    </Placemark>
    <Placemark>
      <name>S2-Z2-R04</name>
      <LineString>
        <tessellate>1</tessellate>
        <altitudeMode>clampToGround</altitudeMode>
        <coordinates>-4.585298243649711,33.84621668440398,0 -4.585298243649711,33.84695958595928,0</coordinates>
      </LineString>
    </Placemark>
    <Placemark>
      <name>S2-Z2-R05</name>
      <LineString>
        <tessellate>1</tessellate>
        <altitudeMode>clampToGround</altitudeMode>
        <coordinates>-4.585254930640518,33.84621348150386,0 -4.585254930640518,33.846963773255844,0</coordinates>
      </LineString>
    </Placemark>
    <Placemark>
      <name>S2-Z2-R06</name>
      <LineString>
        <tessellate>1</tessellate>
        <altitudeMode>clampToGround</altitudeMode>
        <coordinates>-4.585211617631326,33.84621027860375,0 -4.585211617631326,33.846967960552405,0</coordinates>
      </LineString>
    </Placemark>
    <Placemark>
      <name>S2-Z2-R07</name>
      <LineString>
        <tessellate>1</tessellate>
        <altitudeMode>clampToGround</altitudeMode>
        <coordinates>-4.585168304622133,33.84620707570363,0 -4.585168304622133,33.84697214784896,0</coordinates>
      </LineString>
    </Placemark>
    <Placemark>
      <name>S2-Z2-R08</name>
      <LineString>
        <tessellate>1</tessellate>
        <altitudeMode>clampToGround</altitudeMode>
        <coordinates>-4.5851249916129415,33.84620387280352,0 -4.5851249916129415,33.84697633514552,0</coordinates>
      </LineString>
    </Placemark>
    <Placemark>
      <name>S2-Z2-R09</name>
      <LineString>
        <tessellate>1</tessellate>
        <altitudeMode>clampToGround</altitudeMode>
        <coordinates>-4.585081678603749,33.8462006699034,0 -4.585081678603749,33.84698052244208,0</coordinates>
      </LineString>
    </Placemark>
    <Placemark>
      <name>S2-Z2-R10</name>
      <LineString>
        <tessellate>1</tessellate>
        <altitudeMode>clampToGround</altitudeMode>
        <coordinates>-4.585038365594556,33.84619746700329,0 -4.585038365594556,33.84698470973864,0</coordinates>
      </LineString>
    </Placemark>
    <Placemark>
      <name>S2-Z3-R01</name>
      <LineString>
        <tessellate>1</tessellate>
        <altitudeMode>clampToGround</altitudeMode>
        <coordinates>-4.584992821268507,33.84619409910229,0 -4.584992821268507,33.846989112748346,0</coordinates>
      </LineString>
    </Placemark>
    <Placemark>
      <name>S2-Z3-R02</name>
      <LineString>
        <tessellate>1</tessellate>
        <altitudeMode>clampToGround</altitudeMode>
        <coordinates>-4.5849495081755975,33.846190896195985,0 -4.5849495081755975,33.846993300053,0</coordinates>
      </LineString>
    </Placemark>
    <Placemark>
      <name>S2-Z3-R03</name>
      <LineString>
        <tessellate>1</tessellate>
        <altitudeMode>clampToGround</altitudeMode>
        <coordinates>-4.584906195082688,33.84618769328968,0 -4.584906195082688,33.846997487357655,0</coordinates>
      </LineString>
    </Placemark>
    <Placemark>
      <name>S2-Z3-R04</name>
      <LineString>
        <tessellate>1</tessellate>
        <altitudeMode>clampToGround</altitudeMode>
        <coordinates>-4.584862881989778,33.84618449038337,0 -4.584862881989778,33.84700167466231,0</coordinates>
      </LineString>
    </Placemark>
    <Placemark>
      <name>S2-Z3-R05</name>
      <LineString>
        <tessellate>1</tessellate>
        <altitudeMode>clampToGround</altitudeMode>
        <coordinates>-4.584819568896869,33.846181287477066,0 -4.584819568896869,33.84700586196696,0</coordinates>
      </LineString>
    </Placemark>
    <Placemark>
      <name>S2-Z3-R06</name>
      <LineString>
        <tessellate>1</tessellate>
        <altitudeMode>clampToGround</altitudeMode>
        <coordinates>-4.584776255803959,33.84617808457077,0 -4.584776255803959,33.84701004927162,0</coordinates>
      </LineString>
    </Placemark>
    <Placemark>
      <name>S2-Z3-R07</name>
      <LineString>
        <tessellate>1</tessellate>
        <altitudeMode>clampToGround</altitudeMode>
        <coordinates>-4.5847329427110495,33.84617488166446,0 -4.5847329427110495,33.84701423657627,0</coordinates>
      </LineString>
    </Placemark>
    <Placemark>
      <name>S2-Z3-R08</name>
      <LineString>
        <tessellate>1</tessellate>
        <altitudeMode>clampToGround</altitudeMode>
        <coordinates>-4.58468962961814,33.846171678758154,0 -4.58468962961814,33.847018423880925,0</coordinates>
      </LineString>
    </Placemark>
    <Placemark>
      <name>S2-Z3-R09</name>
      <LineString>
        <tessellate>1</tessellate>
        <altitudeMode>clampToGround</altitudeMode>
        <coordinates>-4.58464631652523,33.84622391386407,0 -4.58464631652523,33.84702261118558,0</coordinates>
      </LineString>
    </Placemark>
    <Placemark>
      <name>S2-Z3-R10</name>
      <LineString>
        <tessellate>1</tessellate>
        <altitudeMode>clampToGround</altitudeMode>
        <coordinates>-4.584603003432321,33.8467684936872,0 -4.584603003432321,33.847026798490226,0</coordinates>
      </LineString>
    </Placemark>
    <Placemark>
      <name>S3-Z1-R01</name>
      <LineString>
        <tessellate>1</tessellate>
        <altitudeMode>clampToGround</altitudeMode>
        <coordinates>-4.5874963433838545,33.84677339809836,0 -4.5874963433838545,33.846782426793155,0</coordinates>
      </LineString>
    </Placemark>
    <Placemark>
      <name>S3-Z1-R02</name>
      <LineString>
        <tessellate>1</tessellate>
        <altitudeMode>clampToGround</altitudeMode>
        <coordinates>-4.587453030151562,33.84677719429506,0 -4.587453030151562,33.84680428037946,0</coordinates>
      </LineString>
    </Placemark>
    <Placemark>
      <name>S3-Z1-R03</name>
      <LineString>
        <tessellate>1</tessellate>
        <altitudeMode>clampToGround</altitudeMode>
        <coordinates>-4.587409716919271,33.846780990491766,0 -4.587409716919271,33.846826133965756,0</coordinates>
      </LineString>
    </Placemark>
    <Placemark>
      <name>S3-Z1-R04</name>
      <LineString>
        <tessellate>1</tessellate>
        <altitudeMode>clampToGround</altitudeMode>
        <coordinates>-4.587366403686978,33.846784786688474,0 -4.587366403686978,33.84684798755206,0</coordinates>
      </LineString>
    </Placemark>
    <Placemark>
      <name>S3-Z1-R05</name>
      <LineString>
        <tessellate>1</tessellate>
        <altitudeMode>clampToGround</altitudeMode>
        <coordinates>-4.587323090454686,33.846788582885175,0 -4.587323090454686,33.846869841138364,0</coordinates>
      </LineString>
    </Placemark>
    <Placemark>
      <name>S3-Z1-R06</name>
      <LineString>
        <tessellate>1</tessellate>
        <altitudeMode>clampToGround</altitudeMode>
        <coordinates>-4.5872797772223946,33.84679237908188,0 -4.5872797772223946,33.84689169472466,0</coordinates>
      </LineString>
    </Placemark>
    <Placemark>
      <name>S3-Z1-R07</name>
      <LineString>
        <tessellate>1</tessellate>
        <altitudeMode>clampToGround</altitudeMode>
        <coordinates>-4.587236463990102,33.84679617527859,0 -4.587236463990102,33.846913548310965,0</coordinates>
      </LineString>
    </Placemark>
    <Placemark>
      <name>S3-Z1-R08</name>
      <LineString>
        <tessellate>1</tessellate>
        <altitudeMode>clampToGround</altitudeMode>
        <coordinates>-4.587193150757811,33.84679997147529,0 -4.587193150757811,33.84693540189727,0</coordinates>
      </LineString>
    </Placemark>
    <Placemark>
      <name>S3-Z1-R09</name>
      <LineString>
        <tessellate>1</tessellate>
        <altitudeMode>clampToGround</altitudeMode>
        <coordinates>-4.587149837525518,33.846803767672,0 -4.587149837525518,33.846957255483574,0</coordinates>
      </LineString>
    </Placemark>
    <Placemark>
      <name>S3-Z1-R10</name>
      <LineString>
        <tessellate>1</tessellate>
        <altitudeMode>clampToGround</altitudeMode>
        <coordinates>-4.587106524293226,33.8468075638687,0 -4.587106524293226,33.84697910906987,0</coordinates>
      </LineString>
    </Placemark>
    <Placemark>
      <name>S3-Z1-R11</name>
      <LineString>
        <tessellate>1</tessellate>
        <altitudeMode>clampToGround</altitudeMode>
        <coordinates>-4.587063211060935,33.84681136006541,0 -4.587063211060935,33.847000962656175,0</coordinates>
      </LineString>
    </Placemark>
    <Placemark>
      <name>S3-Z1-R12</name>
      <LineString>
        <tessellate>1</tessellate>
        <altitudeMode>clampToGround</altitudeMode>
        <coordinates>-4.587019897828642,33.84681515626212,0 -4.587019897828642,33.84702281624248,0</coordinates>
      </LineString>
    </Placemark>
    <Placemark>
      <name>S3-Z1-R13</name>
      <LineString>
        <tessellate>1</tessellate>
        <altitudeMode>clampToGround</altitudeMode>
        <coordinates>-4.586976584596351,33.84681895245882,0 -4.586976584596351,33.847044669828776,0</coordinates>
      </LineString>
    </Placemark>
    <Placemark>
      <name>S3-Z1-R14</name>
      <LineString>
        <tessellate>1</tessellate>
        <altitudeMode>clampToGround</altitudeMode>
        <coordinates>-4.5869332713640585,33.846822748655526,0 -4.5869332713640585,33.84706652341508,0</coordinates>
      </LineString>
    </Placemark>
    <Placemark>
      <name>S3-Z1-R15</name>
      <LineString>
        <tessellate>1</tessellate>
        <altitudeMode>clampToGround</altitudeMode>
        <coordinates>-4.586889958131766,33.846826544852235,0 -4.586889958131766,33.847088377001384,0</coordinates>
      </LineString>
    </Placemark>
    <Placemark>
      <name>S3-Z1-R16</name>
      <LineString>
        <tessellate>1</tessellate>
        <altitudeMode>clampToGround</altitudeMode>
        <coordinates>-4.586846644899475,33.846830341048936,0 -4.586846644899475,33.84711023058768,0</coordinates>
      </LineString>
    </Placemark>
    <Placemark>
      <name>S3-Z1-R17</name>
      <LineString>
        <tessellate>1</tessellate>
        <altitudeMode>clampToGround</altitudeMode>
        <coordinates>-4.586803331667182,33.846834137245644,0 -4.586803331667182,33.847132084173985,0</coordinates>
      </LineString>
    </Placemark>
    <Placemark>
      <name>S3-Z1-R18</name>
      <LineString>
        <tessellate>1</tessellate>
        <altitudeMode>clampToGround</altitudeMode>
        <coordinates>-4.586760018434891,33.846837933442345,0 -4.586760018434891,33.84715393776029,0</coordinates>
      </LineString>
    </Placemark>
    <Placemark>
      <name>S3-Z1-R19</name>
      <LineString>
        <tessellate>1</tessellate>
        <altitudeMode>clampToGround</altitudeMode>
        <coordinates>-4.5867167052025986,33.84684172963905,0 -4.5867167052025986,33.847175791346594,0</coordinates>
      </LineString>
    </Placemark>
    <Placemark>
      <name>S3-Z1-R20</name>
      <LineString>
        <tessellate>1</tessellate>
        <altitudeMode>clampToGround</altitudeMode>
        <coordinates>-4.586673391970306,33.84684552583576,0 -4.586673391970306,33.84719764493289,0</coordinates>
      </LineString>
    </Placemark>
    <Placemark>
      <name>S3-Z1-R21</name>
      <LineString>
        <tessellate>1</tessellate>
        <altitudeMode>clampToGround</altitudeMode>
        <coordinates>-4.586630078738015,33.84684932203246,0 -4.586630078738015,33.847219498519195,0</coordinates>
      </LineString>
    </Placemark>
    <Placemark>
      <name>S3-Z1-R22</name>
      <LineString>
        <tessellate>1</tessellate>
        <altitudeMode>clampToGround</altitudeMode>
        <coordinates>-4.586586765505722,33.84685311822917,0 -4.586586765505722,33.8472413521055,0</coordinates>
      </LineString>
    </Placemark>
    <Placemark>
      <name>S3-Z1-R23</name>
      <LineString>
        <tessellate>1</tessellate>
        <altitudeMode>clampToGround</altitudeMode>
        <coordinates>-4.586543452273431,33.84685691442588,0 -4.586543452273431,33.847263205691796,0</coordinates>
      </LineString>
    </Placemark>
    <Placemark>
      <name>S3-Z1-R24</name>
      <LineString>
        <tessellate>1</tessellate>
        <altitudeMode>clampToGround</altitudeMode>
        <coordinates>-4.586500139041139,33.84686071062258,0 -4.586500139041139,33.8472850592781,0</coordinates>
      </LineString>
    </Placemark>
    <Placemark>
      <name>S3-Z1-R25</name>
      <LineString>
        <tessellate>1</tessellate>
        <altitudeMode>clampToGround</altitudeMode>
        <coordinates>-4.586456825808846,33.84686450681929,0 -4.586456825808846,33.847306912864404,0</coordinates>
      </LineString>
    </Placemark>
    <Placemark>
      <name>S3-Z1-R26</name>
      <LineString>
        <tessellate>1</tessellate>
        <altitudeMode>clampToGround</altitudeMode>
        <coordinates>-4.586413512576555,33.846868303015995,0 -4.586413512576555,33.84732876645071,0</coordinates>
      </LineString>
    </Placemark>
    <Placemark>
      <name>S3-Z1-R27</name>
      <LineString>
        <tessellate>1</tessellate>
        <altitudeMode>clampToGround</altitudeMode>
        <coordinates>-4.5863701993442625,33.846872099212696,0 -4.5863701993442625,33.847350620037005,0</coordinates>
      </LineString>
    </Placemark>
    <Placemark>
      <name>S3-Z1-R28</name>
      <LineString>
        <tessellate>1</tessellate>
        <altitudeMode>clampToGround</altitudeMode>
        <coordinates>-4.586326886111971,33.846875895409404,0 -4.586326886111971,33.84737247362331,0</coordinates>
      </LineString>
    </Placemark>
    <Placemark>
      <name>S3-Z1-R29</name>
      <LineString>
        <tessellate>1</tessellate>
        <altitudeMode>clampToGround</altitudeMode>
        <coordinates>-4.586283572879679,33.846879691606105,0 -4.586283572879679,33.847394327209614,0</coordinates>
      </LineString>
    </Placemark>
    <Placemark>
      <name>S3-Z2-R01</name>
      <LineString>
        <tessellate>1</tessellate>
        <altitudeMode>clampToGround</altitudeMode>
        <coordinates>-4.58624500012331,33.846883072322875,0 -4.58624500012331,33.847413789000285,0</coordinates>
      </LineString>
    </Placemark>
    <Placemark>
      <name>S3-Z2-R02</name>
      <LineString>
        <tessellate>1</tessellate>
        <altitudeMode>clampToGround</altitudeMode>
        <coordinates>-4.586201686767428,33.84688686853041,0 -4.586201686767428,33.84743564264894,0</coordinates>
      </LineString>
    </Placemark>
    <Placemark>
      <name>S3-Z2-R03</name>
      <LineString>
        <tessellate>1</tessellate>
        <altitudeMode>clampToGround</altitudeMode>
        <coordinates>-4.586158373411546,33.84689066473795,0 -4.586158373411546,33.8474574962976,0</coordinates>
      </LineString>
    </Placemark>
    <Placemark>
      <name>S3-Z2-R04</name>
      <LineString>
        <tessellate>1</tessellate>
        <altitudeMode>clampToGround</altitudeMode>
        <coordinates>-4.586115060055665,33.846894460945485,0 -4.586115060055665,33.84747934994626,0</coordinates>
      </LineString>
    </Placemark>
    <Placemark>
      <name>S3-Z2-R05</name>
      <LineString>
        <tessellate>1</tessellate>
        <altitudeMode>clampToGround</altitudeMode>
        <coordinates>-4.5860717466997825,33.84689825715303,0 -4.5860717466997825,33.847501203594916,0</coordinates>
      </LineString>
    </Placemark>
    <Placemark>
      <name>S3-Z2-R06</name>
      <LineString>
        <tessellate>1</tessellate>
        <altitudeMode>clampToGround</altitudeMode>
        <coordinates>-4.586028433343901,33.846902053360566,0 -4.586028433343901,33.84752305724358,0</coordinates>
      </LineString>
    </Placemark>
    <Placemark>
      <name>S3-Z2-R07</name>
      <LineString>
        <tessellate>1</tessellate>
        <altitudeMode>clampToGround</altitudeMode>
        <coordinates>-4.585985119988019,33.8469058495681,0 -4.585985119988019,33.84754491089224,0</coordinates>
      </LineString>
    </Placemark>
    <Placemark>
      <name>S3-Z2-R08</name>
      <LineString>
        <tessellate>1</tessellate>
        <altitudeMode>clampToGround</altitudeMode>
        <coordinates>-4.585941806632137,33.84690964577564,0 -4.585941806632137,33.84756676454089,0</coordinates>
      </LineString>
    </Placemark>
    <Placemark>
      <name>S3-Z2-R09</name>
      <LineString>
        <tessellate>1</tessellate>
        <altitudeMode>clampToGround</altitudeMode>
        <coordinates>-4.585898493276255,33.846913441983176,0 -4.585898493276255,33.847588618189555,0</coordinates>
      </LineString>
    </Placemark>
    <Placemark>
      <name>S3-Z2-R10</name>
      <LineString>
        <tessellate>1</tessellate>
        <altitudeMode>clampToGround</altitudeMode>
        <coordinates>-4.585855179920373,33.84691723819071,0 -4.585855179920373,33.847610471838216,0</coordinates>
      </LineString>
    </Placemark>
    <Placemark>
      <name>S3-Z2-R11</name>
      <LineString>
        <tessellate>1</tessellate>
        <altitudeMode>clampToGround</altitudeMode>
        <coordinates>-4.585811866564492,33.84692103439825,0 -4.585811866564492,33.84763232548687,0</coordinates>
      </LineString>
    </Placemark>
    <Placemark>
      <name>S3-Z2-R12</name>
      <LineString>
        <tessellate>1</tessellate>
        <altitudeMode>clampToGround</altitudeMode>
        <coordinates>-4.585768553208609,33.846924830605786,0 -4.585768553208609,33.847547853184736,0</coordinates>
      </LineString>
    </Placemark>
    <Placemark>
      <name>S3-Z3-R01</name>
      <LineString>
        <tessellate>1</tessellate>
        <altitudeMode>clampToGround</altitudeMode>
        <coordinates>-4.5857184174627115,33.84692922476303,0 -4.5857184174627115,33.84741749269483,0</coordinates>
      </LineString>
    </Placemark>
    <Placemark>
      <name>S3-Z3-R02</name>
      <LineString>
        <tessellate>1</tessellate>
        <altitudeMode>clampToGround</altitudeMode>
        <coordinates>-4.585675104074869,33.846933020973374,0 -4.585675104074869,33.84730487136334,0</coordinates>
      </LineString>
    </Placemark>
    <Placemark>
      <name>S3-Z3-R03</name>
      <LineString>
        <tessellate>1</tessellate>
        <altitudeMode>clampToGround</altitudeMode>
        <coordinates>-4.585631790687027,33.84693681718371,0 -4.585631790687027,33.84731647029117,0</coordinates>
      </LineString>
    </Placemark>
    <Placemark>
      <name>S3-Z3-R04</name>
      <LineString>
        <tessellate>1</tessellate>
        <altitudeMode>clampToGround</altitudeMode>
        <coordinates>-4.5855884772991855,33.84694061339405,0 -4.5855884772991855,33.847344662804545,0</coordinates>
      </LineString>
    </Placemark>
    <Placemark>
      <name>S3-Z3-R05</name>
      <LineString>
        <tessellate>1</tessellate>
        <altitudeMode>clampToGround</altitudeMode>
        <coordinates>-4.585545163911343,33.84694440960439,0 -4.585545163911343,33.84737285531792,0</coordinates>
      </LineString>
    </Placemark>
    <Placemark>
      <name>S3-Z3-R06</name>
      <LineString>
        <tessellate>1</tessellate>
        <altitudeMode>clampToGround</altitudeMode>
        <coordinates>-4.585501850523501,33.846948205814726,0 -4.585501850523501,33.847384882473534,0</coordinates>
      </LineString>
    </Placemark>
    <Placemark>
      <name>S3-Z3-R07</name>
      <LineString>
        <tessellate>1</tessellate>
        <altitudeMode>clampToGround</altitudeMode>
        <coordinates>-4.585458537135659,33.84695200202506,0 -4.585458537135659,33.84738863557313,0</coordinates>
      </LineString>
    </Placemark>
    <Placemark>
      <name>S3-Z3-R08</name>
      <LineString>
        <tessellate>1</tessellate>
        <altitudeMode>clampToGround</altitudeMode>
        <coordinates>-4.585415223747817,33.846955798235406,0 -4.585415223747817,33.84739238867274,0</coordinates>
      </LineString>
    </Placemark>
    <Placemark>
      <name>S3-Z3-R09</name>
      <LineString>
        <tessellate>1</tessellate>
        <altitudeMode>clampToGround</altitudeMode>
        <coordinates>-4.585371910359975,33.84695959444574,0 -4.585371910359975,33.847396141772336,0</coordinates>
      </LineString>
    </Placemark>
    <Placemark>
      <name>S3-Z3-R10</name>
      <LineString>
        <tessellate>1</tessellate>
        <altitudeMode>clampToGround</altitudeMode>
        <coordinates>-4.585328596972133,33.84696339065608,0 -4.585328596972133,33.84739803697013,0</coordinates>
      </LineString>
    </Placemark>
    <Placemark>
      <name>S3-Z3-R11</name>
      <LineString>
        <tessellate>1</tessellate>
        <altitudeMode>clampToGround</altitudeMode>
        <coordinates>-4.585285283584291,33.84696718686642,0 -4.585285283584291,33.84737814288704,0</coordinates>
      </LineString>
    </Placemark>
    <Placemark>
      <name>S3-Z3-R12</name>
      <LineString>
        <tessellate>1</tessellate>
        <altitudeMode>clampToGround</altitudeMode>
        <coordinates>-4.585241970196448,33.84697098307676,0 -4.585241970196448,33.84735824880395,0</coordinates>
      </LineString>
    </Placemark>
    <Placemark>
      <name>S3-Z3-R13</name>
      <LineString>
        <tessellate>1</tessellate>
        <altitudeMode>clampToGround</altitudeMode>
        <coordinates>-4.585198656808607,33.8469747792871,0 -4.585198656808607,33.847338354720854,0</coordinates>
      </LineString>
    </Placemark>
    <Placemark>
      <name>S3-Z3-R14</name>
      <LineString>
        <tessellate>1</tessellate>
        <altitudeMode>clampToGround</altitudeMode>
        <coordinates>-4.585155343420765,33.84697857549744,0 -4.585155343420765,33.847316833652684,0</coordinates>
      </LineString>
    </Placemark>
    <Placemark>
      <name>S3-Z3-R15</name>
      <LineString>
        <tessellate>1</tessellate>
        <altitudeMode>clampToGround</altitudeMode>
        <coordinates>-4.5851120300329224,33.846982371707774,0 -4.5851120300329224,33.847251405000094,0</coordinates>
      </LineString>
    </Placemark>
    <Placemark>
      <name>S3-Z3-R16</name>
      <LineString>
        <tessellate>1</tessellate>
        <altitudeMode>clampToGround</altitudeMode>
        <coordinates>-4.585068716645081,33.84698616791812,0 -4.585068716645081,33.84723320369734,0</coordinates>
      </LineString>
    </Placemark>
    <Placemark>
      <name>S3-Z3-R17</name>
      <LineString>
        <tessellate>1</tessellate>
        <altitudeMode>clampToGround</altitudeMode>
        <coordinates>-4.585025403257238,33.846989964128454,0 -4.585025403257238,33.8472150023946,0</coordinates>
      </LineString>
    </Placemark>
    <Placemark>
      <name>S3-Z3-R18</name>
      <LineString>
        <tessellate>1</tessellate>
        <altitudeMode>clampToGround</altitudeMode>
        <coordinates>-4.5849820898693965,33.84699376033879,0 -4.5849820898693965,33.84719680109185,0</coordinates>
      </LineString>
    </Placemark>
    <Placemark>
      <name>S3-Z3-R19</name>
      <LineString>
        <tessellate>1</tessellate>
        <altitudeMode>clampToGround</altitudeMode>
        <coordinates>-4.584938776481555,33.846997556549134,0 -4.584938776481555,33.847178599789096,0</coordinates>
      </LineString>
    </Placemark>
    <Placemark>
      <name>S3-Z3-R20</name>
      <LineString>
        <tessellate>1</tessellate>
        <altitudeMode>clampToGround</altitudeMode>
        <coordinates>-4.584895463093712,33.84700135275947,0 -4.584895463093712,33.847160398486345,0</coordinates>
      </LineString>
    </Placemark>
    <Placemark>
      <name>S3-Z3-R21</name>
      <LineString>
        <tessellate>1</tessellate>
        <altitudeMode>clampToGround</altitudeMode>
        <coordinates>-4.5848521497058705,33.84700514896981,0 -4.5848521497058705,33.847142197183594,0</coordinates>
      </LineString>
    </Placemark>
    <Placemark>
      <name>S3-Z3-R22</name>
      <LineString>
        <tessellate>1</tessellate>
        <altitudeMode>clampToGround</altitudeMode>
        <coordinates>-4.584808836318028,33.84700894518015,0 -4.584808836318028,33.84712399588085,0</coordinates>
      </LineString>
    </Placemark>
    <Placemark>
      <name>S3-Z3-R23</name>
      <LineString>
        <tessellate>1</tessellate>
        <altitudeMode>clampToGround</altitudeMode>
        <coordinates>-4.584765522930186,33.847012741390486,0 -4.584765522930186,33.8471057945781,0</coordinates>
      </LineString>
    </Placemark>
    <Placemark>
      <name>S3-Z3-R24</name>
      <LineString>
        <tessellate>1</tessellate>
        <altitudeMode>clampToGround</altitudeMode>
        <coordinates>-4.5847222095423446,33.84701653760083,0 -4.5847222095423446,33.84708759327535,0</coordinates>
      </LineString>
    </Placemark>
    <Placemark>
      <name>S3-Z3-R25</name>
      <LineString>
        <tessellate>1</tessellate>
        <altitudeMode>clampToGround</altitudeMode>
        <coordinates>-4.584678896154502,33.847020333811166,0 -4.584678896154502,33.847069391972596,0</coordinates>
      </LineString>
    </Placemark>
    <Placemark>
      <name>S3-Z3-R26</name>
      <LineString>
        <tessellate>1</tessellate>
        <altitudeMode>clampToGround</altitudeMode>
        <coordinates>-4.58463558276666,33.8470241300215,0 -4.58463558276666,33.847051190669845,0</coordinates>
      </LineString>
    </Placemark>
    <Placemark>
      <name>S3-Z3-R27</name>
      <LineString>
        <tessellate>1</tessellate>
        <altitudeMode>clampToGround</altitudeMode>
        <coordinates>-4.584592269378818,33.847027926231846,0 -4.584592269378818,33.8470329893671,0</coordinates>
      </LineString>
    </Placemark>
    <Placemark>
      <name>S4-Z1-R01</name>
      <LineString>
        <tessellate>1</tessellate>
        <altitudeMode>clampToGround</altitudeMode>
        <coordinates>-4.587586443540961,33.84601127844493,0 -4.587586443540961,33.84619166698318,0</coordinates>
      </LineString>
    </Placemark>
    <Placemark>
      <name>S4-Z1-R02</name>
      <LineString>
        <tessellate>1</tessellate>
        <altitudeMode>clampToGround</altitudeMode>
        <coordinates>-4.587543130622883,33.84601743533477,0 -4.587543130622883,33.84655860094954,0</coordinates>
      </LineString>
    </Placemark>
    <Placemark>
      <name>S4-Z1-R03</name>
      <LineString>
        <tessellate>1</tessellate>
        <altitudeMode>clampToGround</altitudeMode>
        <coordinates>-4.587499817704805,33.84602359222462,0 -4.587499817704805,33.846772936655704,0</coordinates>
      </LineString>
    </Placemark>
    <Placemark>
      <name>S4-Z1-R04</name>
      <LineString>
        <tessellate>1</tessellate>
        <altitudeMode>clampToGround</altitudeMode>
        <coordinates>-4.5874565047867275,33.846029749114464,0 -4.5874565047867275,33.84677635898221,0</coordinates>
      </LineString>
    </Placemark>
    <Placemark>
      <name>S4-Z1-R05</name>
      <LineString>
        <tessellate>1</tessellate>
        <altitudeMode>clampToGround</altitudeMode>
        <coordinates>-4.58741319186865,33.84603590600431,0 -4.58741319186865,33.84677978130872,0</coordinates>
      </LineString>
    </Placemark>
    <Placemark>
      <name>S4-Z1-R06</name>
      <LineString>
        <tessellate>1</tessellate>
        <altitudeMode>clampToGround</altitudeMode>
        <coordinates>-4.587369878950572,33.84604206289416,0 -4.587369878950572,33.84678320363522,0</coordinates>
      </LineString>
    </Placemark>
    <Placemark>
      <name>S4-Z1-R07</name>
      <LineString>
        <tessellate>1</tessellate>
        <altitudeMode>clampToGround</altitudeMode>
        <coordinates>-4.587326566032495,33.84604821978401,0 -4.587326566032495,33.84678662596173,0</coordinates>
      </LineString>
    </Placemark>
    <Placemark>
      <name>S4-Z1-R08</name>
      <LineString>
        <tessellate>1</tessellate>
        <altitudeMode>clampToGround</altitudeMode>
        <coordinates>-4.587283253114417,33.846054376673855,0 -4.587283253114417,33.846790048288234,0</coordinates>
      </LineString>
    </Placemark>
    <Placemark>
      <name>S4-Z1-R09</name>
      <LineString>
        <tessellate>1</tessellate>
        <altitudeMode>clampToGround</altitudeMode>
        <coordinates>-4.587239940196339,33.8460605335637,0 -4.587239940196339,33.846793470614735,0</coordinates>
      </LineString>
    </Placemark>
    <Placemark>
      <name>S4-Z1-R10</name>
      <LineString>
        <tessellate>1</tessellate>
        <altitudeMode>clampToGround</altitudeMode>
        <coordinates>-4.587196627278261,33.846066690453554,0 -4.587196627278261,33.84679689294124,0</coordinates>
      </LineString>
    </Placemark>
    <Placemark>
      <name>S4-Z1-R11</name>
      <LineString>
        <tessellate>1</tessellate>
        <altitudeMode>clampToGround</altitudeMode>
        <coordinates>-4.587153314360183,33.8460728473434,0 -4.587153314360183,33.84680031526775,0</coordinates>
      </LineString>
    </Placemark>
    <Placemark>
      <name>S4-Z1-R12</name>
      <LineString>
        <tessellate>1</tessellate>
        <altitudeMode>clampToGround</altitudeMode>
        <coordinates>-4.587110001442105,33.846079004233246,0 -4.587110001442105,33.84680373759425,0</coordinates>
      </LineString>
    </Placemark>
    <Placemark>
      <name>S4-Z1-R13</name>
      <LineString>
        <tessellate>1</tessellate>
        <altitudeMode>clampToGround</altitudeMode>
        <coordinates>-4.587066688524028,33.84608516112309,0 -4.587066688524028,33.84680715992076,0</coordinates>
      </LineString>
    </Placemark>
    <Placemark>
      <name>S4-Z2-R01</name>
      <LineString>
        <tessellate>1</tessellate>
        <altitudeMode>clampToGround</altitudeMode>
        <coordinates>-4.587024365997451,33.84609117722974,0 -4.587024365997451,33.84681050399248,0</coordinates>
      </LineString>
    </Placemark>
    <Placemark>
      <name>S4-Z2-R02</name>
      <LineString>
        <tessellate>1</tessellate>
        <altitudeMode>clampToGround</altitudeMode>
        <coordinates>-4.586981053047247,33.84609733412415,0 -4.586981053047247,33.84681392632152,0</coordinates>
      </LineString>
    </Placemark>
    <Placemark>
      <name>S4-Z2-R03</name>
      <LineString>
        <tessellate>1</tessellate>
        <altitudeMode>clampToGround</altitudeMode>
        <coordinates>-4.586937740097044,33.84610349101857,0 -4.586937740097044,33.84681734865057,0</coordinates>
      </LineString>
    </Placemark>
    <Placemark>
      <name>S4-Z2-R04</name>
      <LineString>
        <tessellate>1</tessellate>
        <altitudeMode>clampToGround</altitudeMode>
        <coordinates>-4.586894427146841,33.84610964791298,0 -4.586894427146841,33.846820770979605,0</coordinates>
      </LineString>
    </Placemark>
    <Placemark>
      <name>S4-Z2-R05</name>
      <LineString>
        <tessellate>1</tessellate>
        <altitudeMode>clampToGround</altitudeMode>
        <coordinates>-4.586851114196637,33.8461158048074,0 -4.586851114196637,33.84682419330865,0</coordinates>
      </LineString>
    </Placemark>
    <Placemark>
      <name>S4-Z2-R06</name>
      <LineString>
        <tessellate>1</tessellate>
        <altitudeMode>clampToGround</altitudeMode>
        <coordinates>-4.586807801246434,33.84612196170181,0 -4.586807801246434,33.84682761563769,0</coordinates>
      </LineString>
    </Placemark>
    <Placemark>
      <name>S4-Z2-R07</name>
      <LineString>
        <tessellate>1</tessellate>
        <altitudeMode>clampToGround</altitudeMode>
        <coordinates>-4.5867644882962315,33.846128118596226,0 -4.5867644882962315,33.84683103796674,0</coordinates>
      </LineString>
    </Placemark>
    <Placemark>
      <name>S4-Z2-R08</name>
      <LineString>
        <tessellate>1</tessellate>
        <altitudeMode>clampToGround</altitudeMode>
        <coordinates>-4.586721175346028,33.84613427549064,0 -4.586721175346028,33.84683446029578,0</coordinates>
      </LineString>
    </Placemark>
    <Placemark>
      <name>S4-Z2-R09</name>
      <LineString>
        <tessellate>1</tessellate>
        <altitudeMode>clampToGround</altitudeMode>
        <coordinates>-4.586677862395825,33.846140432385056,0 -4.586677862395825,33.846837882624826,0</coordinates>
      </LineString>
    </Placemark>
    <Placemark>
      <name>S4-Z2-R10</name>
      <LineString>
        <tessellate>1</tessellate>
        <altitudeMode>clampToGround</altitudeMode>
        <coordinates>-4.5866345494456215,33.84614658927947,0 -4.5866345494456215,33.84684130495386,0</coordinates>
      </LineString>
    </Placemark>
    <Placemark>
      <name>S4-Z2-R11</name>
      <LineString>
        <tessellate>1</tessellate>
        <altitudeMode>clampToGround</altitudeMode>
        <coordinates>-4.586591236495418,33.846152746173885,0 -4.586591236495418,33.84684472728291,0</coordinates>
      </LineString>
    </Placemark>
    <Placemark>
      <name>S4-Z2-R12</name>
      <LineString>
        <tessellate>1</tessellate>
        <altitudeMode>clampToGround</altitudeMode>
        <coordinates>-4.586547923545215,33.8461589030683,0 -4.586547923545215,33.84684814961195,0</coordinates>
      </LineString>
    </Placemark>
    <Placemark>
      <name>S4-Z2-R13</name>
      <LineString>
        <tessellate>1</tessellate>
        <altitudeMode>clampToGround</altitudeMode>
        <coordinates>-4.586504610595012,33.846165059962715,0 -4.586504610595012,33.846851571940995,0</coordinates>
      </LineString>
    </Placemark>
    <Placemark>
      <name>S4-Z3-R01</name>
      <LineString>
        <tessellate>1</tessellate>
        <altitudeMode>clampToGround</altitudeMode>
        <coordinates>-4.586482875236872,33.84616814962307,0 -4.586482875236872,33.846853289338384,0</coordinates>
      </LineString>
    </Placemark>
    <Placemark>
      <name>S4-Z3-R02</name>
      <LineString>
        <tessellate>1</tessellate>
        <altitudeMode>clampToGround</altitudeMode>
        <coordinates>-4.586439562179913,33.84617430653265,0 -4.586439562179913,33.84685671167586,0</coordinates>
      </LineString>
    </Placemark>
    <Placemark>
      <name>S4-Z3-R03</name>
      <LineString>
        <tessellate>1</tessellate>
        <altitudeMode>clampToGround</altitudeMode>
        <coordinates>-4.586396249122954,33.846180463442245,0 -4.586396249122954,33.84686013401334,0</coordinates>
      </LineString>
    </Placemark>
    <Placemark>
      <name>S4-Z3-R04</name>
      <LineString>
        <tessellate>1</tessellate>
        <altitudeMode>clampToGround</altitudeMode>
        <coordinates>-4.586352936065995,33.84618662035184,0 -4.586352936065995,33.84686355635082,0</coordinates>
      </LineString>
    </Placemark>
    <Placemark>
      <name>S4-Z3-R05</name>
      <LineString>
        <tessellate>1</tessellate>
        <altitudeMode>clampToGround</altitudeMode>
        <coordinates>-4.586309623009035,33.84619277726142,0 -4.586309623009035,33.8468669786883,0</coordinates>
      </LineString>
    </Placemark>
    <Placemark>
      <name>S4-Z3-R06</name>
      <LineString>
        <tessellate>1</tessellate>
        <altitudeMode>clampToGround</altitudeMode>
        <coordinates>-4.586266309952077,33.846198934171014,0 -4.586266309952077,33.846870401025775,0</coordinates>
      </LineString>
    </Placemark>
    <Placemark>
      <name>S4-Z3-R07</name>
      <LineString>
        <tessellate>1</tessellate>
        <altitudeMode>clampToGround</altitudeMode>
        <coordinates>-4.586222996895118,33.846205091080606,0 -4.586222996895118,33.846873823363254,0</coordinates>
      </LineString>
    </Placemark>
    <Placemark>
      <name>S4-Z3-R08</name>
      <LineString>
        <tessellate>1</tessellate>
        <altitudeMode>clampToGround</altitudeMode>
        <coordinates>-4.586179683838158,33.84621124799019,0 -4.586179683838158,33.84687724570073,0</coordinates>
      </LineString>
    </Placemark>
    <Placemark>
      <name>S4-Z3-R09</name>
      <LineString>
        <tessellate>1</tessellate>
        <altitudeMode>clampToGround</altitudeMode>
        <coordinates>-4.586136370781199,33.84621740489978,0 -4.586136370781199,33.84688066803821,0</coordinates>
      </LineString>
    </Placemark>
    <Placemark>
      <name>S4-Z3-R10</name>
      <LineString>
        <tessellate>1</tessellate>
        <altitudeMode>clampToGround</altitudeMode>
        <coordinates>-4.5860930577242405,33.84622356180937,0 -4.5860930577242405,33.84688409037569,0</coordinates>
      </LineString>
    </Placemark>
    <Placemark>
      <name>S4-Z3-R11</name>
      <LineString>
        <tessellate>1</tessellate>
        <altitudeMode>clampToGround</altitudeMode>
        <coordinates>-4.586049744667282,33.84622971871896,0 -4.586049744667282,33.84688751271317,0</coordinates>
      </LineString>
    </Placemark>
    <Placemark>
      <name>S4-Z3-R12</name>
      <LineString>
        <tessellate>1</tessellate>
        <altitudeMode>clampToGround</altitudeMode>
        <coordinates>-4.586006431610322,33.84623587562855,0 -4.586006431610322,33.846849372092436,0</coordinates>
      </LineString>
    </Placemark>
    <Placemark>
      <name>S4-Z3-R13</name>
      <LineString>
        <tessellate>1</tessellate>
        <altitudeMode>clampToGround</altitudeMode>
        <coordinates>-4.585963118553363,33.846242032538136,0 -4.585963118553363,33.84668245449816,0</coordinates>
      </LineString>
    </Placemark>
    <Placemark>
      <name>S4-Z3-R14</name>
      <LineString>
        <tessellate>1</tessellate>
        <altitudeMode>clampToGround</altitudeMode>
        <coordinates>-4.585919805496404,33.84624818944773,0 -4.585919805496404,33.84651553690388,0</coordinates>
      </LineString>
    </Placemark>
    <Placemark>
      <name>S4-Z3-R15</name>
      <LineString>
        <tessellate>1</tessellate>
        <altitudeMode>clampToGround</altitudeMode>
        <coordinates>-4.5858764924394455,33.84625434635732,0 -4.5858764924394455,33.8463486193096,0</coordinates>
      </LineString>
    </Placemark>
    <Placemark>
      <name>S5-Z1-R01</name>
      <LineString>
        <tessellate>1</tessellate>
        <altitudeMode>clampToGround</altitudeMode>
        <coordinates>-4.587586443649827,33.84599636846937,0 -4.587586443649827,33.84601127842945,0</coordinates>
      </LineString>
    </Placemark>
    <Placemark>
      <name>S5-Z1-R02</name>
      <LineString>
        <tessellate>1</tessellate>
        <altitudeMode>clampToGround</altitudeMode>
        <coordinates>-4.587543130949481,33.84597270540811,0 -4.587543130949481,33.846017435288346,0</coordinates>
      </LineString>
    </Placemark>
    <Placemark>
      <name>S5-Z1-R03</name>
      <LineString>
        <tessellate>1</tessellate>
        <altitudeMode>clampToGround</altitudeMode>
        <coordinates>-4.587499818249135,33.845949042346845,0 -4.587499818249135,33.84602359214724,0</coordinates>
      </LineString>
    </Placemark>
    <Placemark>
      <name>S5-Z1-R04</name>
      <LineString>
        <tessellate>1</tessellate>
        <altitudeMode>clampToGround</altitudeMode>
        <coordinates>-4.58745650554879,33.84592537928558,0 -4.58745650554879,33.84602974900614,0</coordinates>
      </LineString>
    </Placemark>
    <Placemark>
      <name>S5-Z1-R05</name>
      <LineString>
        <tessellate>1</tessellate>
        <altitudeMode>clampToGround</altitudeMode>
        <coordinates>-4.587413192848444,33.84590171622432,0 -4.587413192848444,33.84603590586504,0</coordinates>
      </LineString>
    </Placemark>
    <Placemark>
      <name>S5-Z1-R06</name>
      <LineString>
        <tessellate>1</tessellate>
        <altitudeMode>clampToGround</altitudeMode>
        <coordinates>-4.587369880148098,33.845878053163055,0 -4.587369880148098,33.84604206272393,0</coordinates>
      </LineString>
    </Placemark>
    <Placemark>
      <name>S5-Z1-R07</name>
      <LineString>
        <tessellate>1</tessellate>
        <altitudeMode>clampToGround</altitudeMode>
        <coordinates>-4.587326567447752,33.84585439010179,0 -4.587326567447752,33.84604821958283,0</coordinates>
      </LineString>
    </Placemark>
    <Placemark>
      <name>S5-Z1-R08</name>
      <LineString>
        <tessellate>1</tessellate>
        <altitudeMode>clampToGround</altitudeMode>
        <coordinates>-4.5872832547474065,33.845830727040536,0 -4.5872832547474065,33.84605437644173,0</coordinates>
      </LineString>
    </Placemark>
    <Placemark>
      <name>S5-Z1-R09</name>
      <LineString>
        <tessellate>1</tessellate>
        <altitudeMode>clampToGround</altitudeMode>
        <coordinates>-4.587239942047061,33.84580706397927,0 -4.587239942047061,33.84606053330062,0</coordinates>
      </LineString>
    </Placemark>
    <Placemark>
      <name>S5-Z1-R10</name>
      <LineString>
        <tessellate>1</tessellate>
        <altitudeMode>clampToGround</altitudeMode>
        <coordinates>-4.587196629346715,33.84578340091801,0 -4.587196629346715,33.846066690159525,0</coordinates>
      </LineString>
    </Placemark>
    <Placemark>
      <name>S5-Z1-R11</name>
      <LineString>
        <tessellate>1</tessellate>
        <altitudeMode>clampToGround</altitudeMode>
        <coordinates>-4.587153316646369,33.845759737856746,0 -4.587153316646369,33.84607284701842,0</coordinates>
      </LineString>
    </Placemark>
    <Placemark>
      <name>S5-Z1-R12</name>
      <LineString>
        <tessellate>1</tessellate>
        <altitudeMode>clampToGround</altitudeMode>
        <coordinates>-4.587110003946023,33.84573607479548,0 -4.587110003946023,33.846079003877314,0</coordinates>
      </LineString>
    </Placemark>
    <Placemark>
      <name>S5-Z1-R13</name>
      <LineString>
        <tessellate>1</tessellate>
        <altitudeMode>clampToGround</altitudeMode>
        <coordinates>-4.587066691245678,33.84571241173422,0 -4.587066691245678,33.846085160736216,0</coordinates>
      </LineString>
    </Placemark>
    <Placemark>
      <name>S5-Z1-R14</name>
      <LineString>
        <tessellate>1</tessellate>
        <altitudeMode>clampToGround</altitudeMode>
        <coordinates>-4.587023378545331,33.845688748672956,0 -4.587023378545331,33.84609131759511,0</coordinates>
      </LineString>
    </Placemark>
    <Placemark>
      <name>S5-Z1-R15</name>
      <LineString>
        <tessellate>1</tessellate>
        <altitudeMode>clampToGround</altitudeMode>
        <coordinates>-4.586980065844986,33.8456650856117,0 -4.586980065844986,33.846097474454005,0</coordinates>
      </LineString>
    </Placemark>
    <Placemark>
      <name>S5-Z1-R16</name>
      <LineString>
        <tessellate>1</tessellate>
        <altitudeMode>clampToGround</altitudeMode>
        <coordinates>-4.5869367531446406,33.845641422550436,0 -4.5869367531446406,33.84610363131291,0</coordinates>
      </LineString>
    </Placemark>
    <Placemark>
      <name>S5-Z1-R17</name>
      <LineString>
        <tessellate>1</tessellate>
        <altitudeMode>clampToGround</altitudeMode>
        <coordinates>-4.586893440444294,33.84561775948917,0 -4.586893440444294,33.8461097881718,0</coordinates>
      </LineString>
    </Placemark>
    <Placemark>
      <name>S5-Z1-R18</name>
      <LineString>
        <tessellate>1</tessellate>
        <altitudeMode>clampToGround</altitudeMode>
        <coordinates>-4.586850127743949,33.84559409642791,0 -4.586850127743949,33.8461159450307,0</coordinates>
      </LineString>
    </Placemark>
    <Placemark>
      <name>S5-Z1-R19</name>
      <LineString>
        <tessellate>1</tessellate>
        <altitudeMode>clampToGround</altitudeMode>
        <coordinates>-4.5868068150436025,33.845570433366646,0 -4.5868068150436025,33.8461221018896,0</coordinates>
      </LineString>
    </Placemark>
    <Placemark>
      <name>S5-Z1-R20</name>
      <LineString>
        <tessellate>1</tessellate>
        <altitudeMode>clampToGround</altitudeMode>
        <coordinates>-4.586763502343257,33.84554677030538,0 -4.586763502343257,33.84612825874849,0</coordinates>
      </LineString>
    </Placemark>
    <Placemark>
      <name>S5-Z1-R21</name>
      <LineString>
        <tessellate>1</tessellate>
        <altitudeMode>clampToGround</altitudeMode>
        <coordinates>-4.586720189642912,33.84552310724412,0 -4.586720189642912,33.84613441560739,0</coordinates>
      </LineString>
    </Placemark>
    <Placemark>
      <name>S5-Z1-R22</name>
      <LineString>
        <tessellate>1</tessellate>
        <altitudeMode>clampToGround</altitudeMode>
        <coordinates>-4.586676876942565,33.84549944418286,0 -4.586676876942565,33.84614057246629,0</coordinates>
      </LineString>
    </Placemark>
    <Placemark>
      <name>S5-Z1-R23</name>
      <LineString>
        <tessellate>1</tessellate>
        <altitudeMode>clampToGround</altitudeMode>
        <coordinates>-4.58663356424222,33.8454757811216,0 -4.58663356424222,33.846146729325184,0</coordinates>
      </LineString>
    </Placemark>
    <Placemark>
      <name>S5-Z2-R01</name>
      <LineString>
        <tessellate>1</tessellate>
        <altitudeMode>clampToGround</altitudeMode>
        <coordinates>-4.586589483156424,33.845451698267716,0 -4.586589483156424,33.84615299540934,0</coordinates>
      </LineString>
    </Placemark>
    <Placemark>
      <name>S5-Z2-R02</name>
      <LineString>
        <tessellate>1</tessellate>
        <altitudeMode>clampToGround</altitudeMode>
        <coordinates>-4.586546170529154,33.84542803524638,0 -4.586546170529154,33.84615915225785,0</coordinates>
      </LineString>
    </Placemark>
    <Placemark>
      <name>S5-Z2-R03</name>
      <LineString>
        <tessellate>1</tessellate>
        <altitudeMode>clampToGround</altitudeMode>
        <coordinates>-4.586502857901883,33.84540437222504,0 -4.586502857901883,33.84616530910636,0</coordinates>
      </LineString>
    </Placemark>
    <Placemark>
      <name>S5-Z2-R04</name>
      <LineString>
        <tessellate>1</tessellate>
        <altitudeMode>clampToGround</altitudeMode>
        <coordinates>-4.586459545274613,33.8453807092037,0 -4.586459545274613,33.84617146595487,0</coordinates>
      </LineString>
    </Placemark>
    <Placemark>
      <name>S5-Z2-R05</name>
      <LineString>
        <tessellate>1</tessellate>
        <altitudeMode>clampToGround</altitudeMode>
        <coordinates>-4.586416232647341,33.84535704618236,0 -4.586416232647341,33.846177622803374,0</coordinates>
      </LineString>
    </Placemark>
    <Placemark>
      <name>S5-Z2-R06</name>
      <LineString>
        <tessellate>1</tessellate>
        <altitudeMode>clampToGround</altitudeMode>
        <coordinates>-4.586372920020071,33.84533338316102,0 -4.586372920020071,33.84618377965189,0</coordinates>
      </LineString>
    </Placemark>
    <Placemark>
      <name>S5-Z2-R07</name>
      <LineString>
        <tessellate>1</tessellate>
        <altitudeMode>clampToGround</altitudeMode>
        <coordinates>-4.5863296073928,33.84530972013968,0 -4.5863296073928,33.846189936500394,0</coordinates>
      </LineString>
    </Placemark>
    <Placemark>
      <name>S5-Z2-R08</name>
      <LineString>
        <tessellate>1</tessellate>
        <altitudeMode>clampToGround</altitudeMode>
        <coordinates>-4.58628629476553,33.845286057118344,0 -4.58628629476553,33.84619609334891,0</coordinates>
      </LineString>
    </Placemark>
    <Placemark>
      <name>S5-Z2-R09</name>
      <LineString>
        <tessellate>1</tessellate>
        <altitudeMode>clampToGround</altitudeMode>
        <coordinates>-4.586242982138258,33.845262394097006,0 -4.586242982138258,33.846202250197415,0</coordinates>
      </LineString>
    </Placemark>
    <Placemark>
      <name>S5-Z2-R10</name>
      <LineString>
        <tessellate>1</tessellate>
        <altitudeMode>clampToGround</altitudeMode>
        <coordinates>-4.586199669510988,33.84528707866676,0 -4.586199669510988,33.84620840704592,0</coordinates>
      </LineString>
    </Placemark>
    <Placemark>
      <name>S5-Z3-R01</name>
      <LineString>
        <tessellate>1</tessellate>
        <altitudeMode>clampToGround</altitudeMode>
        <coordinates>-4.586175426344239,33.84530394135331,0 -4.586175426344239,33.846211853188876,0</coordinates>
      </LineString>
    </Placemark>
    <Placemark>
      <name>S5-Z3-R02</name>
      <LineString>
        <tessellate>1</tessellate>
        <altitudeMode>clampToGround</altitudeMode>
        <coordinates>-4.586132113632209,33.84533406813889,0 -4.586132113632209,33.846218010049434,0</coordinates>
      </LineString>
    </Placemark>
    <Placemark>
      <name>S5-Z3-R03</name>
      <LineString>
        <tessellate>1</tessellate>
        <altitudeMode>clampToGround</altitudeMode>
        <coordinates>-4.586088800920178,33.84536419492448,0 -4.586088800920178,33.84622416690999,0</coordinates>
      </LineString>
    </Placemark>
    <Placemark>
      <name>S5-Z3-R04</name>
      <LineString>
        <tessellate>1</tessellate>
        <altitudeMode>clampToGround</altitudeMode>
        <coordinates>-4.586045488208148,33.84539432171006,0 -4.586045488208148,33.84623032377055,0</coordinates>
      </LineString>
    </Placemark>
    <Placemark>
      <name>S5-Z3-R05</name>
      <LineString>
        <tessellate>1</tessellate>
        <altitudeMode>clampToGround</altitudeMode>
        <coordinates>-4.586002175496118,33.84542444849564,0 -4.586002175496118,33.846236480631106,0</coordinates>
      </LineString>
    </Placemark>
    <Placemark>
      <name>S5-Z3-R06</name>
      <LineString>
        <tessellate>1</tessellate>
        <altitudeMode>clampToGround</altitudeMode>
        <coordinates>-4.585958862784088,33.84545457528123,0 -4.585958862784088,33.84624263749166,0</coordinates>
      </LineString>
    </Placemark>
    <Placemark>
      <name>S5-Z3-R07</name>
      <LineString>
        <tessellate>1</tessellate>
        <altitudeMode>clampToGround</altitudeMode>
        <coordinates>-4.585915550072058,33.84548470206681,0 -4.585915550072058,33.84624879435223,0</coordinates>
      </LineString>
    </Placemark>
    <Placemark>
      <name>S5-Z3-R08</name>
      <LineString>
        <tessellate>1</tessellate>
        <altitudeMode>clampToGround</altitudeMode>
        <coordinates>-4.585872237360028,33.8455148288524,0 -4.585872237360028,33.846254951212785,0</coordinates>
      </LineString>
    </Placemark>
    <Placemark>
      <name>S5-Z3-R09</name>
      <LineString>
        <tessellate>1</tessellate>
        <altitudeMode>clampToGround</altitudeMode>
        <coordinates>-4.5858289246479975,33.84554495563798,0 -4.5858289246479975,33.84616500730076,0</coordinates>
      </LineString>
    </Placemark>
    <Placemark>
      <name>S5-Z3-R10</name>
      <LineString>
        <tessellate>1</tessellate>
        <altitudeMode>clampToGround</altitudeMode>
        <coordinates>-4.585785611935967,33.84557508242357,0 -4.585785611935967,33.84599755315081,0</coordinates>
      </LineString>
    </Placemark>
    <Placemark>
      <name>S5-Z3-R11</name>
      <LineString>
        <tessellate>1</tessellate>
        <altitudeMode>clampToGround</altitudeMode>
        <coordinates>-4.585742299223937,33.845605209209154,0 -4.585742299223937,33.845830099000864,0</coordinates>
      </LineString>
    </Placemark>
    <Placemark>
      <name>S5-Z3-R12</name>
      <LineString>
        <tessellate>1</tessellate>
        <altitudeMode>clampToGround</altitudeMode>
        <coordinates>-4.585698986511907,33.84563533599474,0 -4.585698986511907,33.84566264485091,0</coordinates>
      </LineString>
    </Placemark>
    <Placemark>
      <name>S6-Z1-R01</name>
      <LineString>
        <tessellate>1</tessellate>
        <altitudeMode>clampToGround</altitudeMode>
        <coordinates>-4.58767064379686,33.8449490111459,0 -4.58767064379686,33.845224025577835,0</coordinates>
      </LineString>
    </Placemark>
    <Placemark>
      <name>S6-Z1-R02</name>
      <LineString>
        <tessellate>1</tessellate>
        <altitudeMode>clampToGround</altitudeMode>
        <coordinates>-4.587627331390583,33.84494203343771,0 -4.587627331390583,33.845767076733516,0</coordinates>
      </LineString>
    </Placemark>
    <Placemark>
      <name>S6-Z1-R03</name>
      <LineString>
        <tessellate>1</tessellate>
        <altitudeMode>clampToGround</altitudeMode>
        <coordinates>-4.5875840189843045,33.84493505572952,0 -4.5875840189843045,33.845994492370366,0</coordinates>
      </LineString>
    </Placemark>
    <Placemark>
      <name>S6-Z1-R04</name>
      <LineString>
        <tessellate>1</tessellate>
        <altitudeMode>clampToGround</altitudeMode>
        <coordinates>-4.587540706578026,33.84492807802133,0 -4.587540706578026,33.84596983766181,0</coordinates>
      </LineString>
    </Placemark>
    <Placemark>
      <name>S6-Z1-R05</name>
      <LineString>
        <tessellate>1</tessellate>
        <altitudeMode>clampToGround</altitudeMode>
        <coordinates>-4.5874973941717485,33.844921100313144,0 -4.5874973941717485,33.84594518295326,0</coordinates>
      </LineString>
    </Placemark>
    <Placemark>
      <name>S6-Z1-R06</name>
      <LineString>
        <tessellate>1</tessellate>
        <altitudeMode>clampToGround</altitudeMode>
        <coordinates>-4.58745408176547,33.844914122604955,0 -4.58745408176547,33.845920528244704,0</coordinates>
      </LineString>
    </Placemark>
    <Placemark>
      <name>S6-Z1-R07</name>
      <LineString>
        <tessellate>1</tessellate>
        <altitudeMode>clampToGround</altitudeMode>
        <coordinates>-4.587410769359192,33.844907144896766,0 -4.587410769359192,33.84589587353614,0</coordinates>
      </LineString>
    </Placemark>
    <Placemark>
      <name>S6-Z1-R08</name>
      <LineString>
        <tessellate>1</tessellate>
        <altitudeMode>clampToGround</altitudeMode>
        <coordinates>-4.587367456952914,33.84490016718857,0 -4.587367456952914,33.84587121882759,0</coordinates>
      </LineString>
    </Placemark>
    <Placemark>
      <name>S6-Z1-R09</name>
      <LineString>
        <tessellate>1</tessellate>
        <altitudeMode>clampToGround</altitudeMode>
        <coordinates>-4.587324144546636,33.84489318948038,0 -4.587324144546636,33.845846564119036,0</coordinates>
      </LineString>
    </Placemark>
    <Placemark>
      <name>S6-Z2-R01</name>
      <LineString>
        <tessellate>1</tessellate>
        <altitudeMode>clampToGround</altitudeMode>
        <coordinates>-4.587280447802174,33.84488614985461,0 -4.587280447802174,33.84582169063377,0</coordinates>
      </LineString>
    </Placemark>
    <Placemark>
      <name>S6-Z2-R02</name>
      <LineString>
        <tessellate>1</tessellate>
        <altitudeMode>clampToGround</altitudeMode>
        <coordinates>-4.58723713545668,33.84487917215621,0 -4.58723713545668,33.84579703595981,0</coordinates>
      </LineString>
    </Placemark>
    <Placemark>
      <name>S6-Z2-R03</name>
      <LineString>
        <tessellate>1</tessellate>
        <altitudeMode>clampToGround</altitudeMode>
        <coordinates>-4.5871938231111855,33.844872194457814,0 -4.5871938231111855,33.845772381285855,0</coordinates>
      </LineString>
    </Placemark>
    <Placemark>
      <name>S6-Z2-R04</name>
      <LineString>
        <tessellate>1</tessellate>
        <altitudeMode>clampToGround</altitudeMode>
        <coordinates>-4.587150510765691,33.844865216759416,0 -4.587150510765691,33.845747726611904,0</coordinates>
      </LineString>
    </Placemark>
    <Placemark>
      <name>S6-Z2-R05</name>
      <LineString>
        <tessellate>1</tessellate>
        <altitudeMode>clampToGround</altitudeMode>
        <coordinates>-4.587107198420197,33.84485823906102,0 -4.587107198420197,33.84572307193795,0</coordinates>
      </LineString>
    </Placemark>
    <Placemark>
      <name>S6-Z2-R06</name>
      <LineString>
        <tessellate>1</tessellate>
        <altitudeMode>clampToGround</altitudeMode>
        <coordinates>-4.587063886074703,33.84485126136262,0 -4.587063886074703,33.84569841726399,0</coordinates>
      </LineString>
    </Placemark>
    <Placemark>
      <name>S6-Z2-R07</name>
      <LineString>
        <tessellate>1</tessellate>
        <altitudeMode>clampToGround</altitudeMode>
        <coordinates>-4.587020573729209,33.84484428366422,0 -4.587020573729209,33.84567376259003,0</coordinates>
      </LineString>
    </Placemark>
    <Placemark>
      <name>S6-Z2-R08</name>
      <LineString>
        <tessellate>1</tessellate>
        <altitudeMode>clampToGround</altitudeMode>
        <coordinates>-4.586977261383715,33.844837305965825,0 -4.586977261383715,33.84564910791608,0</coordinates>
      </LineString>
    </Placemark>
    <Placemark>
      <name>S6-Z2-R09</name>
      <LineString>
        <tessellate>1</tessellate>
        <altitudeMode>clampToGround</altitudeMode>
        <coordinates>-4.586933949038221,33.84483032826743,0 -4.586933949038221,33.845624453242124,0</coordinates>
      </LineString>
    </Placemark>
    <Placemark>
      <name>S6-Z3-R01</name>
      <LineString>
        <tessellate>1</tessellate>
        <altitudeMode>clampToGround</altitudeMode>
        <coordinates>-4.586870181115998,33.84482005513805,0 -4.586870181115998,33.845588154646116,0</coordinates>
      </LineString>
    </Placemark>
    <Placemark>
      <name>S6-Z3-R02</name>
      <LineString>
        <tessellate>1</tessellate>
        <altitudeMode>clampToGround</altitudeMode>
        <coordinates>-4.586826868818651,33.84481307744741,0 -4.586826868818651,33.84556349999957,0</coordinates>
      </LineString>
    </Placemark>
    <Placemark>
      <name>S6-Z3-R03</name>
      <LineString>
        <tessellate>1</tessellate>
        <altitudeMode>clampToGround</altitudeMode>
        <coordinates>-4.586783556521303,33.844806099756774,0 -4.586783556521303,33.84553884535302,0</coordinates>
      </LineString>
    </Placemark>
    <Placemark>
      <name>S6-Z3-R04</name>
      <LineString>
        <tessellate>1</tessellate>
        <altitudeMode>clampToGround</altitudeMode>
        <coordinates>-4.586740244223956,33.84479912206613,0 -4.586740244223956,33.84551419070647,0</coordinates>
      </LineString>
    </Placemark>
    <Placemark>
      <name>S6-Z3-R05</name>
      <LineString>
        <tessellate>1</tessellate>
        <altitudeMode>clampToGround</altitudeMode>
        <coordinates>-4.5866969319266095,33.84479214437549,0 -4.5866969319266095,33.84548953605992,0</coordinates>
      </LineString>
    </Placemark>
    <Placemark>
      <name>S6-Z3-R06</name>
      <LineString>
        <tessellate>1</tessellate>
        <altitudeMode>clampToGround</altitudeMode>
        <coordinates>-4.586653619629263,33.84478516668485,0 -4.586653619629263,33.84546488141337,0</coordinates>
      </LineString>
    </Placemark>
    <Placemark>
      <name>S6-Z3-R07</name>
      <LineString>
        <tessellate>1</tessellate>
        <altitudeMode>clampToGround</altitudeMode>
        <coordinates>-4.586610307331915,33.844782096899856,0 -4.586610307331915,33.845440226766826,0</coordinates>
      </LineString>
    </Placemark>
    <Placemark>
      <name>S6-Z3-R08</name>
      <LineString>
        <tessellate>1</tessellate>
        <altitudeMode>clampToGround</altitudeMode>
        <coordinates>-4.586566995034568,33.844819747520354,0 -4.586566995034568,33.845415572120274,0</coordinates>
      </LineString>
    </Placemark>
    <Placemark>
      <name>S6-Z3-R09</name>
      <LineString>
        <tessellate>1</tessellate>
        <altitudeMode>clampToGround</altitudeMode>
        <coordinates>-4.586523682737221,33.84485739814085,0 -4.586523682737221,33.84539091747372,0</coordinates>
      </LineString>
    </Placemark>
    <Placemark>
      <name>S6-Z3-R10</name>
      <LineString>
        <tessellate>1</tessellate>
        <altitudeMode>clampToGround</altitudeMode>
        <coordinates>-4.586480370439874,33.84489504876135,0 -4.586480370439874,33.84536626282718,0</coordinates>
      </LineString>
    </Placemark>
    <Placemark>
      <name>S6-Z3-R11</name>
      <LineString>
        <tessellate>1</tessellate>
        <altitudeMode>clampToGround</altitudeMode>
        <coordinates>-4.5864370581425264,33.84493269938185,0 -4.5864370581425264,33.845341608180625,0</coordinates>
      </LineString>
    </Placemark>
    <Placemark>
      <name>S6-Z3-R12</name>
      <LineString>
        <tessellate>1</tessellate>
        <altitudeMode>clampToGround</altitudeMode>
        <coordinates>-4.58639374584518,33.84497035000235,0 -4.58639374584518,33.84531695353408,0</coordinates>
      </LineString>
    </Placemark>
    <Placemark>
      <name>S6-Z3-R13</name>
      <LineString>
        <tessellate>1</tessellate>
        <altitudeMode>clampToGround</altitudeMode>
        <coordinates>-4.586350433547833,33.84500800062285,0 -4.586350433547833,33.84529229888753,0</coordinates>
      </LineString>
    </Placemark>
    <Placemark>
      <name>S6-Z3-R14</name>
      <LineString>
        <tessellate>1</tessellate>
        <altitudeMode>clampToGround</altitudeMode>
        <coordinates>-4.586307121250486,33.845045651243346,0 -4.586307121250486,33.845267644240984,0</coordinates>
      </LineString>
    </Placemark>
    <Placemark>
      <name>S6-Z3-R15</name>
      <LineString>
        <tessellate>1</tessellate>
        <altitudeMode>clampToGround</altitudeMode>
        <coordinates>-4.586263808953138,33.845083301863845,0 -4.586263808953138,33.84524298959443,0</coordinates>
      </LineString>
    </Placemark>
    <Placemark>
      <name>S6-Z3-R16</name>
      <LineString>
        <tessellate>1</tessellate>
        <altitudeMode>clampToGround</altitudeMode>
        <coordinates>-4.586220496655791,33.84512095248434,0 -4.586220496655791,33.84521833494788,0</coordinates>
      </LineString>
    </Placemark>
    <Placemark>
      <name>S6-Z3-R17</name>
      <LineString>
        <tessellate>1</tessellate>
        <altitudeMode>clampToGround</altitudeMode>
        <coordinates>-4.586177184358444,33.84515860310484,0 -4.586177184358444,33.845193680301335,0</coordinates>
      </LineString>
    </Placemark>
    <Placemark>
      <name>S7-Z1-R01</name>
      <LineString>
        <tessellate>1</tessellate>
        <altitudeMode>clampToGround</altitudeMode>
        <coordinates>-4.58827684405406,33.84421516530632,0 -4.58827684405406,33.84439766851934,0</coordinates>
      </LineString>
    </Placemark>
    <Placemark>
      <name>S7-Z1-R02</name>
      <LineString>
        <tessellate>1</tessellate>
        <altitudeMode>clampToGround</altitudeMode>
        <coordinates>-4.588233532162182,33.843854295918966,0 -4.588233532162182,33.84440180555803,0</coordinates>
      </LineString>
    </Placemark>
    <Placemark>
      <name>S7-Z1-R03</name>
      <LineString>
        <tessellate>1</tessellate>
        <altitudeMode>clampToGround</altitudeMode>
        <coordinates>-4.588190220270302,33.843822889000286,0 -4.588190220270302,33.844405942596715,0</coordinates>
      </LineString>
    </Placemark>
    <Placemark>
      <name>S7-Z1-R04</name>
      <LineString>
        <tessellate>1</tessellate>
        <altitudeMode>clampToGround</altitudeMode>
        <coordinates>-4.588146908378424,33.84382254867492,0 -4.588146908378424,33.84441007963541,0</coordinates>
      </LineString>
    </Placemark>
    <Placemark>
      <name>S7-Z1-R05</name>
      <LineString>
        <tessellate>1</tessellate>
        <altitudeMode>clampToGround</altitudeMode>
        <coordinates>-4.588103596486545,33.84382220834956,0 -4.588103596486545,33.844414216674096,0</coordinates>
      </LineString>
    </Placemark>
    <Placemark>
      <name>S7-Z1-R06</name>
      <LineString>
        <tessellate>1</tessellate>
        <altitudeMode>clampToGround</altitudeMode>
        <coordinates>-4.5880602845946665,33.84382186802419,0 -4.5880602845946665,33.84441835371278,0</coordinates>
      </LineString>
    </Placemark>
    <Placemark>
      <name>S7-Z1-R07</name>
      <LineString>
        <tessellate>1</tessellate>
        <altitudeMode>clampToGround</altitudeMode>
        <coordinates>-4.588016972702787,33.84382152769883,0 -4.588016972702787,33.84442249075147,0</coordinates>
      </LineString>
    </Placemark>
    <Placemark>
      <name>S7-Z1-R08</name>
      <LineString>
        <tessellate>1</tessellate>
        <altitudeMode>clampToGround</altitudeMode>
        <coordinates>-4.587973660810908,33.843821187373464,0 -4.587973660810908,33.844426627790156,0</coordinates>
      </LineString>
    </Placemark>
    <Placemark>
      <name>S7-Z1-R09</name>
      <LineString>
        <tessellate>1</tessellate>
        <altitudeMode>clampToGround</altitudeMode>
        <coordinates>-4.58793034891903,33.8438208470481,0 -4.58793034891903,33.84443076482885,0</coordinates>
      </LineString>
    </Placemark>
    <Placemark>
      <name>S7-Z1-R10</name>
      <LineString>
        <tessellate>1</tessellate>
        <altitudeMode>clampToGround</altitudeMode>
        <coordinates>-4.5878870370271505,33.84382050672273,0 -4.5878870370271505,33.84443490186754,0</coordinates>
      </LineString>
    </Placemark>
    <Placemark>
      <name>S7-Z1-R11</name>
      <LineString>
        <tessellate>1</tessellate>
        <altitudeMode>clampToGround</altitudeMode>
        <coordinates>-4.587843725135272,33.843820166397364,0 -4.587843725135272,33.84443903890622,0</coordinates>
      </LineString>
    </Placemark>
    <Placemark>
      <name>S7-Z1-R12</name>
      <LineString>
        <tessellate>1</tessellate>
        <altitudeMode>clampToGround</altitudeMode>
        <coordinates>-4.587800413243393,33.843819826072,0 -4.587800413243393,33.84452332064171,0</coordinates>
      </LineString>
    </Placemark>
    <Placemark>
      <name>S7-Z1-R13</name>
      <LineString>
        <tessellate>1</tessellate>
        <altitudeMode>clampToGround</altitudeMode>
        <coordinates>-4.587757101351515,33.843819485746636,0 -4.587757101351515,33.84469525674667,0</coordinates>
      </LineString>
    </Placemark>
    <Placemark>
      <name>S7-Z1-R14</name>
      <LineString>
        <tessellate>1</tessellate>
        <altitudeMode>clampToGround</altitudeMode>
        <coordinates>-4.587713789459635,33.84381914542127,0 -4.587713789459635,33.844867192851616,0</coordinates>
      </LineString>
    </Placemark>
    <Placemark>
      <name>S7-Z1-R15</name>
      <LineString>
        <tessellate>1</tessellate>
        <altitudeMode>clampToGround</altitudeMode>
        <coordinates>-4.587670477567757,33.84381880509591,0 -4.587670477567757,33.84494898436609,0</coordinates>
      </LineString>
    </Placemark>
    <Placemark>
      <name>S7-Z1-R16</name>
      <LineString>
        <tessellate>1</tessellate>
        <altitudeMode>clampToGround</altitudeMode>
        <coordinates>-4.587627165675878,33.84381846477054,0 -4.587627165675878,33.84494200674077,0</coordinates>
      </LineString>
    </Placemark>
    <Placemark>
      <name>S7-Z1-R17</name>
      <LineString>
        <tessellate>1</tessellate>
        <altitudeMode>clampToGround</altitudeMode>
        <coordinates>-4.5875838537839995,33.84381812444517,0 -4.5875838537839995,33.84493502911545,0</coordinates>
      </LineString>
    </Placemark>
    <Placemark>
      <name>S7-Z2-R01</name>
      <LineString>
        <tessellate>1</tessellate>
        <altitudeMode>clampToGround</altitudeMode>
        <coordinates>-4.587558555580346,33.84381792566327,0 -4.587558555580346,33.84493095352838,0</coordinates>
      </LineString>
    </Placemark>
    <Placemark>
      <name>S7-Z2-R02</name>
      <LineString>
        <tessellate>1</tessellate>
        <altitudeMode>clampToGround</altitudeMode>
        <coordinates>-4.587515243720777,33.84381758533816,0 -4.587515243720777,33.84492397590827,0</coordinates>
      </LineString>
    </Placemark>
    <Placemark>
      <name>S7-Z2-R03</name>
      <LineString>
        <tessellate>1</tessellate>
        <altitudeMode>clampToGround</altitudeMode>
        <coordinates>-4.587471931861207,33.84381724501304,0 -4.587471931861207,33.844916998288156,0</coordinates>
      </LineString>
    </Placemark>
    <Placemark>
      <name>S7-Z2-R04</name>
      <LineString>
        <tessellate>1</tessellate>
        <altitudeMode>clampToGround</altitudeMode>
        <coordinates>-4.587428620001638,33.843816904687934,0 -4.587428620001638,33.84491002066804,0</coordinates>
      </LineString>
    </Placemark>
    <Placemark>
      <name>S7-Z2-R05</name>
      <LineString>
        <tessellate>1</tessellate>
        <altitudeMode>clampToGround</altitudeMode>
        <coordinates>-4.587385308142069,33.84381656436282,0 -4.587385308142069,33.84490304304793,0</coordinates>
      </LineString>
    </Placemark>
    <Placemark>
      <name>S7-Z2-R06</name>
      <LineString>
        <tessellate>1</tessellate>
        <altitudeMode>clampToGround</altitudeMode>
        <coordinates>-4.5873419962824995,33.84381622403771,0 -4.5873419962824995,33.84489606542781,0</coordinates>
      </LineString>
    </Placemark>
    <Placemark>
      <name>S7-Z2-R07</name>
      <LineString>
        <tessellate>1</tessellate>
        <altitudeMode>clampToGround</altitudeMode>
        <coordinates>-4.58729868442293,33.843815883712594,0 -4.58729868442293,33.8448890878077,0</coordinates>
      </LineString>
    </Placemark>
    <Placemark>
      <name>S7-Z2-R08</name>
      <LineString>
        <tessellate>1</tessellate>
        <altitudeMode>clampToGround</altitudeMode>
        <coordinates>-4.5872553725633605,33.843815543387485,0 -4.5872553725633605,33.844882110187584,0</coordinates>
      </LineString>
    </Placemark>
    <Placemark>
      <name>S7-Z2-R09</name>
      <LineString>
        <tessellate>1</tessellate>
        <altitudeMode>clampToGround</altitudeMode>
        <coordinates>-4.587212060703791,33.84381520306237,0 -4.587212060703791,33.844875132567466,0</coordinates>
      </LineString>
    </Placemark>
    <Placemark>
      <name>S7-Z2-R10</name>
      <LineString>
        <tessellate>1</tessellate>
        <altitudeMode>clampToGround</altitudeMode>
        <coordinates>-4.587168748844222,33.84381486273726,0 -4.587168748844222,33.844868154947356,0</coordinates>
      </LineString>
    </Placemark>
    <Placemark>
      <name>S7-Z2-R11</name>
      <LineString>
        <tessellate>1</tessellate>
        <altitudeMode>clampToGround</altitudeMode>
        <coordinates>-4.587125436984653,33.843814522412146,0 -4.587125436984653,33.84486117732724,0</coordinates>
      </LineString>
    </Placemark>
    <Placemark>
      <name>S7-Z3-R01</name>
      <LineString>
        <tessellate>1</tessellate>
        <altitudeMode>clampToGround</altitudeMode>
        <coordinates>-4.587091922516164,33.84381425907053,0 -4.587091922516164,33.84485577808482,0</coordinates>
      </LineString>
    </Placemark>
    <Placemark>
      <name>S7-Z3-R02</name>
      <LineString>
        <tessellate>1</tessellate>
        <altitudeMode>clampToGround</altitudeMode>
        <coordinates>-4.587048610605323,33.84381391874501,0 -4.587048610605323,33.84484880045645,0</coordinates>
      </LineString>
    </Placemark>
    <Placemark>
      <name>S7-Z3-R03</name>
      <LineString>
        <tessellate>1</tessellate>
        <altitudeMode>clampToGround</altitudeMode>
        <coordinates>-4.587005298694482,33.8438135784195,0 -4.587005298694482,33.84484182282807,0</coordinates>
      </LineString>
    </Placemark>
    <Placemark>
      <name>S7-Z3-R04</name>
      <LineString>
        <tessellate>1</tessellate>
        <altitudeMode>clampToGround</altitudeMode>
        <coordinates>-4.586961986783641,33.843813238093986,0 -4.586961986783641,33.8448348451997,0</coordinates>
      </LineString>
    </Placemark>
    <Placemark>
      <name>S7-Z3-R05</name>
      <LineString>
        <tessellate>1</tessellate>
        <altitudeMode>clampToGround</altitudeMode>
        <coordinates>-4.586918674872799,33.843812897768466,0 -4.586918674872799,33.844827867571325,0</coordinates>
      </LineString>
    </Placemark>
    <Placemark>
      <name>S7-Z3-R06</name>
      <LineString>
        <tessellate>1</tessellate>
        <altitudeMode>clampToGround</altitudeMode>
        <coordinates>-4.586875362961958,33.84381255744295,0 -4.586875362961958,33.84482088994295,0</coordinates>
      </LineString>
    </Placemark>
    <Placemark>
      <name>S7-Z3-R07</name>
      <LineString>
        <tessellate>1</tessellate>
        <altitudeMode>clampToGround</altitudeMode>
        <coordinates>-4.586832051051117,33.84381221711744,0 -4.586832051051117,33.84481391231458,0</coordinates>
      </LineString>
    </Placemark>
    <Placemark>
      <name>S7-Z3-R08</name>
      <LineString>
        <tessellate>1</tessellate>
        <altitudeMode>clampToGround</altitudeMode>
        <coordinates>-4.586788739140276,33.843811876791925,0 -4.586788739140276,33.844806934686204,0</coordinates>
      </LineString>
    </Placemark>
    <Placemark>
      <name>S7-Z3-R09</name>
      <LineString>
        <tessellate>1</tessellate>
        <altitudeMode>clampToGround</altitudeMode>
        <coordinates>-4.5867454272294355,33.84381153646641,0 -4.5867454272294355,33.84479995705783,0</coordinates>
      </LineString>
    </Placemark>
    <Placemark>
      <name>S7-Z3-R10</name>
      <LineString>
        <tessellate>1</tessellate>
        <altitudeMode>clampToGround</altitudeMode>
        <coordinates>-4.586702115318594,33.8438111961409,0 -4.586702115318594,33.844281423753195,0</coordinates>
      </LineString>
    </Placemark>
    <Placemark>
      <name>S7-Z3-R11</name>
      <LineString>
        <tessellate>1</tessellate>
        <altitudeMode>clampToGround</altitudeMode>
        <coordinates>-4.586702115318594,33.84445580361327,0 -4.586702115318594,33.84479297942946,0</coordinates>
      </LineString>
    </Placemark>
    <Placemark>
      <name>S7-Z3-R12</name>
      <LineString>
        <tessellate>1</tessellate>
        <altitudeMode>clampToGround</altitudeMode>
        <coordinates>-4.586658803407753,33.843810855815384,0 -4.586658803407753,33.844254728197804,0</coordinates>
      </LineString>
    </Placemark>
    <Placemark>
      <name>S7-Z3-R13</name>
      <LineString>
        <tessellate>1</tessellate>
        <altitudeMode>clampToGround</altitudeMode>
        <coordinates>-4.586658803407753,33.84461474856658,0 -4.586658803407753,33.84478600180108,0</coordinates>
      </LineString>
    </Placemark>
    <Placemark>
      <name>S7-Z3-R14</name>
      <LineString>
        <tessellate>1</tessellate>
        <altitudeMode>clampToGround</altitudeMode>
        <coordinates>-4.586615491496912,33.84385438514223,0 -4.586615491496912,33.84422803264241,0</coordinates>
      </LineString>
    </Placemark>
    <Placemark>
      <name>S7-Z3-R15</name>
      <LineString>
        <tessellate>1</tessellate>
        <altitudeMode>clampToGround</altitudeMode>
        <coordinates>-4.586615491496912,33.84477369351988,0 -4.586615491496912,33.84477902417271,0</coordinates>
      </LineString>
    </Placemark>
    <Placemark>
      <name>S7-Z3-R16</name>
      <LineString>
        <tessellate>1</tessellate>
        <altitudeMode>clampToGround</altitudeMode>
        <coordinates>-4.586572179586071,33.84390652084608,0 -4.586572179586071,33.84420133708703,0</coordinates>
      </LineString>
    </Placemark>
    <Placemark>
      <name>S7-Z3-R17</name>
      <LineString>
        <tessellate>1</tessellate>
        <altitudeMode>clampToGround</altitudeMode>
        <coordinates>-4.586528867675229,33.843958656549944,0 -4.586528867675229,33.84417464153164,0</coordinates>
      </LineString>
    </Placemark>
    <Placemark>
      <name>S7-Z3-R18</name>
      <LineString>
        <tessellate>1</tessellate>
        <altitudeMode>clampToGround</altitudeMode>
        <coordinates>-4.586485555764388,33.8440107922538,0 -4.586485555764388,33.844147945976246,0</coordinates>
      </LineString>
    </Placemark>
    <Placemark>
      <name>S7-Z3-R19</name>
      <LineString>
        <tessellate>1</tessellate>
        <altitudeMode>clampToGround</altitudeMode>
        <coordinates>-4.586442243853547,33.84406292795766,0 -4.586442243853547,33.844121250420855,0</coordinates>
      </LineString>
    </Placemark>
    <Placemark>
      <name>S8-Z1-R01</name>
      <LineString>
        <tessellate>1</tessellate>
        <altitudeMode>clampToGround</altitudeMode>
        <coordinates>-4.588208144293844,33.84359217521386,0 -4.588208144293844,33.84382302983921,0</coordinates>
      </LineString>
    </Placemark>
    <Placemark>
      <name>S8-Z1-R02</name>
      <LineString>
        <tessellate>1</tessellate>
        <altitudeMode>clampToGround</altitudeMode>
        <coordinates>-4.588164832881533,33.84313012564156,0 -4.588164832881533,33.84382268951761,0</coordinates>
      </LineString>
    </Placemark>
    <Placemark>
      <name>S8-Z1-R03</name>
      <LineString>
        <tessellate>1</tessellate>
        <altitudeMode>clampToGround</altitudeMode>
        <coordinates>-4.588121521469223,33.84306683878754,0 -4.588121521469223,33.84382234919601,0</coordinates>
      </LineString>
    </Placemark>
    <Placemark>
      <name>S8-Z1-R04</name>
      <LineString>
        <tessellate>1</tessellate>
        <altitudeMode>clampToGround</altitudeMode>
        <coordinates>-4.588078210056912,33.84306561241582,0 -4.588078210056912,33.84382200887441,0</coordinates>
      </LineString>
    </Placemark>
    <Placemark>
      <name>S8-Z1-R05</name>
      <LineString>
        <tessellate>1</tessellate>
        <altitudeMode>clampToGround</altitudeMode>
        <coordinates>-4.5880348986446,33.8430643860441,0 -4.5880348986446,33.84382166855281,0</coordinates>
      </LineString>
    </Placemark>
    <Placemark>
      <name>S8-Z1-R06</name>
      <LineString>
        <tessellate>1</tessellate>
        <altitudeMode>clampToGround</altitudeMode>
        <coordinates>-4.587991587232289,33.843063159672376,0 -4.587991587232289,33.84382132823122,0</coordinates>
      </LineString>
    </Placemark>
    <Placemark>
      <name>S8-Z1-R07</name>
      <LineString>
        <tessellate>1</tessellate>
        <altitudeMode>clampToGround</altitudeMode>
        <coordinates>-4.587948275819978,33.84306193330065,0 -4.587948275819978,33.84382098790962,0</coordinates>
      </LineString>
    </Placemark>
    <Placemark>
      <name>S8-Z1-R08</name>
      <LineString>
        <tessellate>1</tessellate>
        <altitudeMode>clampToGround</altitudeMode>
        <coordinates>-4.5879049644076675,33.84306070692893,0 -4.5879049644076675,33.843820647588025,0</coordinates>
      </LineString>
    </Placemark>
    <Placemark>
      <name>S8-Z1-R09</name>
      <LineString>
        <tessellate>1</tessellate>
        <altitudeMode>clampToGround</altitudeMode>
        <coordinates>-4.587861652995357,33.84305948055721,0 -4.587861652995357,33.84382030726643,0</coordinates>
      </LineString>
    </Placemark>
    <Placemark>
      <name>S8-Z1-R10</name>
      <LineString>
        <tessellate>1</tessellate>
        <altitudeMode>clampToGround</altitudeMode>
        <coordinates>-4.587818341583046,33.84305825418548,0 -4.587818341583046,33.84381996694483,0</coordinates>
      </LineString>
    </Placemark>
    <Placemark>
      <name>S8-Z1-R11</name>
      <LineString>
        <tessellate>1</tessellate>
        <altitudeMode>clampToGround</altitudeMode>
        <coordinates>-4.587775030170735,33.84305702781376,0 -4.587775030170735,33.84381962662323,0</coordinates>
      </LineString>
    </Placemark>
    <Placemark>
      <name>S8-Z1-R12</name>
      <LineString>
        <tessellate>1</tessellate>
        <altitudeMode>clampToGround</altitudeMode>
        <coordinates>-4.587731718758424,33.843055801442034,0 -4.587731718758424,33.84381928630164,0</coordinates>
      </LineString>
    </Placemark>
    <Placemark>
      <name>S8-Z2-R01</name>
      <LineString>
        <tessellate>1</tessellate>
        <altitudeMode>clampToGround</altitudeMode>
        <coordinates>-4.587667048477145,33.84305397028946,0 -4.587667048477145,33.84381877815165,0</coordinates>
      </LineString>
    </Placemark>
    <Placemark>
      <name>S8-Z2-R02</name>
      <LineString>
        <tessellate>1</tessellate>
        <altitudeMode>clampToGround</altitudeMode>
        <coordinates>-4.587623737069794,33.84305274391788,0 -4.587623737069794,33.843818437830095,0</coordinates>
      </LineString>
    </Placemark>
    <Placemark>
      <name>S8-Z2-R03</name>
      <LineString>
        <tessellate>1</tessellate>
        <altitudeMode>clampToGround</altitudeMode>
        <coordinates>-4.587580425662444,33.84305151754629,0 -4.587580425662444,33.84381809750854,0</coordinates>
      </LineString>
    </Placemark>
    <Placemark>
      <name>S8-Z2-R04</name>
      <LineString>
        <tessellate>1</tessellate>
        <altitudeMode>clampToGround</altitudeMode>
        <coordinates>-4.587537114255094,33.84305029117471,0 -4.587537114255094,33.843817757186976,0</coordinates>
      </LineString>
    </Placemark>
    <Placemark>
      <name>S8-Z2-R05</name>
      <LineString>
        <tessellate>1</tessellate>
        <altitudeMode>clampToGround</altitudeMode>
        <coordinates>-4.587493802847743,33.84304906480313,0 -4.587493802847743,33.84381741686542,0</coordinates>
      </LineString>
    </Placemark>
    <Placemark>
      <name>S8-Z2-R06</name>
      <LineString>
        <tessellate>1</tessellate>
        <altitudeMode>clampToGround</altitudeMode>
        <coordinates>-4.587450491440393,33.84304783843155,0 -4.587450491440393,33.84381707654386,0</coordinates>
      </LineString>
    </Placemark>
    <Placemark>
      <name>S8-Z2-R07</name>
      <LineString>
        <tessellate>1</tessellate>
        <altitudeMode>clampToGround</altitudeMode>
        <coordinates>-4.5874071800330425,33.843046612059965,0 -4.5874071800330425,33.8438167362223,0</coordinates>
      </LineString>
    </Placemark>
    <Placemark>
      <name>S8-Z2-R08</name>
      <LineString>
        <tessellate>1</tessellate>
        <altitudeMode>clampToGround</altitudeMode>
        <coordinates>-4.587363868625692,33.843045385688384,0 -4.587363868625692,33.843816395900745,0</coordinates>
      </LineString>
    </Placemark>
    <Placemark>
      <name>S8-Z2-R09</name>
      <LineString>
        <tessellate>1</tessellate>
        <altitudeMode>clampToGround</altitudeMode>
        <coordinates>-4.587320557218342,33.843044159316804,0 -4.587320557218342,33.84381605557918,0</coordinates>
      </LineString>
    </Placemark>
    <Placemark>
      <name>S8-Z2-R10</name>
      <LineString>
        <tessellate>1</tessellate>
        <altitudeMode>clampToGround</altitudeMode>
        <coordinates>-4.587277245810991,33.843042932945224,0 -4.587277245810991,33.84381571525763,0</coordinates>
      </LineString>
    </Placemark>
    <Placemark>
      <name>S8-Z2-R11</name>
      <LineString>
        <tessellate>1</tessellate>
        <altitudeMode>clampToGround</altitudeMode>
        <coordinates>-4.587233934403641,33.84304170657364,0 -4.587233934403641,33.84381537493607,0</coordinates>
      </LineString>
    </Placemark>
    <Placemark>
      <name>S8-Z2-R12</name>
      <LineString>
        <tessellate>1</tessellate>
        <altitudeMode>clampToGround</altitudeMode>
        <coordinates>-4.5871906229962915,33.843040480202056,0 -4.5871906229962915,33.84381503461451,0</coordinates>
      </LineString>
    </Placemark>
    <Placemark>
      <name>S8-Z3-R01</name>
      <LineString>
        <tessellate>1</tessellate>
        <altitudeMode>clampToGround</altitudeMode>
        <coordinates>-4.587168089653738,33.84303984216574,0 -4.587168089653738,33.84381485755764,0</coordinates>
      </LineString>
    </Placemark>
    <Placemark>
      <name>S8-Z3-R02</name>
      <LineString>
        <tessellate>1</tessellate>
        <altitudeMode>clampToGround</altitudeMode>
        <coordinates>-4.5871247781732665,33.84303861579208,0 -4.5871247781732665,33.84381451723551,0</coordinates>
      </LineString>
    </Placemark>
    <Placemark>
      <name>S8-Z3-R03</name>
      <LineString>
        <tessellate>1</tessellate>
        <altitudeMode>clampToGround</altitudeMode>
        <coordinates>-4.587081466692796,33.843037389418434,0 -4.587081466692796,33.84381417691337,0</coordinates>
      </LineString>
    </Placemark>
    <Placemark>
      <name>S8-Z3-R04</name>
      <LineString>
        <tessellate>1</tessellate>
        <altitudeMode>clampToGround</altitudeMode>
        <coordinates>-4.5870381552123245,33.84303616304478,0 -4.5870381552123245,33.84381383659124,0</coordinates>
      </LineString>
    </Placemark>
    <Placemark>
      <name>S8-Z3-R05</name>
      <LineString>
        <tessellate>1</tessellate>
        <altitudeMode>clampToGround</altitudeMode>
        <coordinates>-4.586994843731853,33.843034936671124,0 -4.586994843731853,33.84381349626911,0</coordinates>
      </LineString>
    </Placemark>
    <Placemark>
      <name>S8-Z3-R06</name>
      <LineString>
        <tessellate>1</tessellate>
        <altitudeMode>clampToGround</altitudeMode>
        <coordinates>-4.5869515322513825,33.843033710297476,0 -4.5869515322513825,33.843813155946975,0</coordinates>
      </LineString>
    </Placemark>
    <Placemark>
      <name>S8-Z3-R07</name>
      <LineString>
        <tessellate>1</tessellate>
        <altitudeMode>clampToGround</altitudeMode>
        <coordinates>-4.586908220770911,33.84303248392382,0 -4.586908220770911,33.843812815624844,0</coordinates>
      </LineString>
    </Placemark>
    <Placemark>
      <name>S8-Z3-R08</name>
      <LineString>
        <tessellate>1</tessellate>
        <altitudeMode>clampToGround</altitudeMode>
        <coordinates>-4.58686490929044,33.843031257550166,0 -4.58686490929044,33.843812475302705,0</coordinates>
      </LineString>
    </Placemark>
    <Placemark>
      <name>S8-Z3-R09</name>
      <LineString>
        <tessellate>1</tessellate>
        <altitudeMode>clampToGround</altitudeMode>
        <coordinates>-4.586821597809969,33.84303003117652,0 -4.586821597809969,33.843812134980574,0</coordinates>
      </LineString>
    </Placemark>
    <Placemark>
      <name>S8-Z3-R10</name>
      <LineString>
        <tessellate>1</tessellate>
        <altitudeMode>clampToGround</altitudeMode>
        <coordinates>-4.586778286329498,33.84302880480286,0 -4.586778286329498,33.84381179465844,0</coordinates>
      </LineString>
    </Placemark>
    <Placemark>
      <name>S8-Z3-R11</name>
      <LineString>
        <tessellate>1</tessellate>
        <altitudeMode>clampToGround</altitudeMode>
        <coordinates>-4.586734974849026,33.84309505678608,0 -4.586734974849026,33.84381145433631,0</coordinates>
      </LineString>
    </Placemark>
    <Placemark>
      <name>S8-Z3-R12</name>
      <LineString>
        <tessellate>1</tessellate>
        <altitudeMode>clampToGround</altitudeMode>
        <coordinates>-4.586691663368555,33.84346731682131,0 -4.586691663368555,33.84381111401417,0</coordinates>
      </LineString>
    </Placemark>
  </Document>
</kml>
